Fecha (UTC),Latitud,Longitud,Profundidad,Magnitud
2021-07-25 01:45:35,-19.87,-69.9,56,3.1
2021-07-21 16:23:56,-21.71,-68.71,108,5
2021-07-10 02:28:59,-21.38,-69.89,59,4.2
2021-07-09 05:05:31,-20.34,-68.73,114,5
2021-07-08 20:38:33,-28.75,-71.53,35,5.4
2021-07-08 10:30:39,-18.47,-71.26,50,5.1
2021-07-04 01:29:15,-28.77,-71.59,34,5.8
2021-07-04 01:01:37,-28.8,-71.57,25,5.8
2021-07-03 07:58:47,-20.25,-69.22,85,4.3
2021-06-27 22:03:53,-22.27,-69.98,65,3.9
2021-06-25 03:56:04,-22.08,-70.1,43,3.8
2021-06-24 23:36:39,-20.01,-69.16,92,4.5
2021-06-22 19:16:26,-32.1,-71.19,77,5.3
2021-06-22 09:23:04,-22.49,-70.32,36,4.3
2021-06-08 07:42:24,-29.99,-70.72,70,4.9
2021-06-04 14:46:26,-21.44,-70.49,61,4.8
2021-05-30 07:54:19,-28.66,-70.44,88,3.6
2021-05-27 13:30:52,-27.04,-70.73,69,4.3
2021-05-25 06:28:49,-33.9,-70.36,112,4.7
2021-05-23 21:58:59,-33.29,-71.36,60,4.7
2021-05-23 13:23:11,-28.7,-70.38,92,4.1
2021-05-19 20:11:30,-27.46,-69.45,109,4.3
2021-05-19 14:45:27,-31.49,-71.65,32,3.8
2021-05-14 00:40:19,-29.68,-71.25,54,3.9
2021-05-11 11:23:46,-20.15,-69.12,101,3.8
2021-05-05 07:48:53,-41.78,-73.92,36,3.1
2021-05-05 06:41:15,-41.81,-73.74,38,3.3
2021-05-04 15:18:22,-33.9,-72.54,20,4.4
2021-05-02 06:57:38,-30.12,-71.56,38,5.9
2021-04-30 20:06:37,-29.06,-71.59,47,4.6
2021-04-27 11:18:52,-20.04,-69.31,100,4
2021-04-24 18:14:18,-27.53,-71.19,31,4.2
2021-04-22 00:17:15,-33.99,-72.43,34,5.2
2021-04-21 21:55:03,-33.24,-70.56,59,3.9
2021-04-20 10:33:36,-31.35,-71.68,40,3.4
2021-04-19 15:02:10,-33.99,-72.26,38,4.3
2021-04-19 13:05:28,-34.02,-72.26,37,4.9
2021-04-19 11:13:29,-34.01,-72.34,38,5
2021-04-19 04:11:28,-34.0,-72.3,34,5
2021-04-19 03:18:58,-34.02,-72.42,39,5.3
2021-04-19 00:27:33,-17.74,-70.68,24,4.9
2021-04-18 02:15:13,-62.35,-58.45,11,5
2021-04-14 05:12:01,-20.07,-69.88,69,3.6
2021-04-10 07:52:48,-37.95,-73.72,39,5.3
2021-04-10 07:14:01,-62.3,-58.39,5,5.1
2021-04-09 06:53:19,-29.68,-69.83,130,4.5
2021-04-09 02:02:10,-33.81,-70.29,114,4.5
2021-04-04 10:08:19,-27.41,-70.95,36,3.7
2021-04-04 04:17:24,-28.98,-71.86,45,4.6
2021-04-02 23:57:42,-31.82,-71.31,59,4.3
2021-04-01 06:01:50,-29.3,-71.28,61,4.1
2021-03-27 20:17:13,-19.85,-69.91,64,4.6
2021-03-25 05:39:23,-28.63,-70.54,107,4.5
2021-03-25 02:18:47,-30.44,-71.58,28,4.4
2021-03-24 20:21:43,-28.44,-71.26,44,4.3
2021-03-22 13:04:33,-34.13,-71.16,71,4.2
2021-03-21 14:33:26,-22.03,-70.35,25,3.1
2021-03-21 01:18:48,-20.12,-70.51,44,3.9
2021-03-16 03:53:56,-34.8,-71.8,42,5
2021-03-08 12:48:06,-32.22,-70.09,128,5.3
2021-02-25 02:51:30,-33.89,-72.13,34,3.7
2021-02-23 19:15:04,-20.11,-68.95,96,4
2021-02-23 06:18:49,-31.75,-71.52,43,4.6
2021-02-21 17:40:23,-31.5,-71.76,21,4
2021-02-19 11:49:04,-33.24,-70.22,115,4.7
2021-02-19 06:54:29,-29.35,-71.6,47,5
2021-02-18 05:28:04,-31.31,-71.5,56,3.2
2021-02-17 12:14:50,-29.28,-69.61,125,4.8
2021-02-15 22:43:07,-20.07,-70.26,44,3.4
2021-02-15 09:56:06,-19.76,-69.38,95,4.3
2021-02-14 21:09:54,-21.4,-69.78,49,3.9
2021-02-14 08:46:38,-31.5,-71.16,47,3.5
2021-02-13 18:49:42,-20.51,-70.59,41,5.2
2021-02-12 09:50:22,-30.71,-71.4,44,4.7
2021-02-12 09:43:28,-33.54,-71.53,49,4.2
2021-02-10 20:18:29,-31.77,-71.25,52,5.2
2021-02-09 11:28:21,-18.59,-69.89,92,4.6
2021-02-06 21:14:28,-20.11,-70.12,54,3.7
2021-02-01 03:56:15,-29.71,-71.3,53,4.1
2021-01-31 23:06:03,-31.52,-71.76,34,3.1
2021-01-30 13:24:59,-19.93,-70.33,61,5.1
2021-01-30 13:16:12,-29.44,-71.0,49,4.4
2021-01-30 08:22:06,-18.24,-69.78,118,4.5
2021-01-26 16:45:14,-19.94,-69.74,58,3.8
2021-01-26 13:50:10,-25.83,-70.8,40,4.7
2021-01-24 00:07:44,-33.35,-70.21,123,5.7
2021-01-19 02:46:21,-31.83,-69.03,5,6.3
2021-01-17 12:32:12,-31.82,-71.41,50,4.4
2021-01-16 03:53:35,-31.02,-71.39,67,5.1
2021-01-15 00:04:30,-19.65,-69.35,100,3.8
2021-01-14 11:58:26,-22.26,-70.57,24,3.8
2021-01-12 11:04:37,-21.76,-68.69,110,4.6
2021-01-10 08:15:18,-34.69,-71.85,51,4.5
2021-01-10 03:54:13,-23.97,-67.06,226,6.4
2021-01-07 18:19:09,-29.8,-71.63,33,4.4
2021-01-07 07:53:26,-31.84,-71.43,48,4
2021-01-06 16:38:41,-19.55,-69.25,99,5.1
2020-12-29 19:29:29,-39.4,-72.0,103,5.2
2020-12-29 17:31:59,-34.37,-70.78,96,4.6
2020-12-27 21:39:17,-39.33,-74.82,26,6.2
2020-12-27 13:55:21,-19.12,-69.52,115,5.1
2020-12-20 23:36:05,-22.66,-68.81,111,4.9
2020-12-19 10:38:58,-28.75,-72.52,24,4.8
2020-12-17 15:44:32,-28.4,-71.33,30,3.8
2020-12-16 16:17:08,-31.29,-71.51,58,3.5
2020-12-14 15:20:50,-21.8,-68.71,109,5.9
2020-12-11 22:11:39,-19.2,-70.16,46,4.7
2020-12-10 04:24:17,-31.48,-71.72,32,3.4
2020-12-10 00:46:36,-28.29,-71.3,37,4.4
2020-12-09 10:20:53,-21.12,-68.86,118,4.6
2020-12-08 16:43:38,-28.25,-71.31,34,4.2
2020-12-08 07:07:20,-32.09,-71.47,58,5
2020-12-07 20:06:15,-32.87,-71.11,70,4.3
2020-12-06 16:47:42,-20.36,-69.07,108,6.1
2020-12-06 01:06:50,-28.28,-71.3,32,4.2
2020-12-05 22:38:43,-28.25,-71.31,34,4.4
2020-12-05 20:02:50,-21.42,-68.8,120,4.2
2020-12-05 10:04:43,-27.55,-71.1,22,3.3
2020-12-02 17:00:36,-24.27,-69.5,88,5.5
2020-11-30 22:55:01,-24.26,-67.49,213,6.4
2020-11-26 02:51:11,-31.76,-71.19,49,4.4
2020-11-25 10:58:24,-35.61,-71.62,84,5
2020-11-24 01:44:43,-33.68,-70.38,107,4.3
2020-11-23 18:14:37,-27.32,-70.66,61,3.4
2020-11-22 00:54:57,-34.63,-73.06,41,6
2020-11-21 02:11:47,-30.92,-71.26,56,5.6
2020-11-20 17:02:41,-18.18,-69.95,131,4.6
2020-11-18 08:26:47,-20.32,-69.07,97,4.3
2020-11-16 20:18:33,-28.42,-71.1,49,5.1
2020-11-16 09:55:32,-31.5,-71.76,27,3.8
2020-11-14 14:29:20,-20.39,-69.22,97,4.9
2020-11-13 23:26:59,-31.77,-71.44,59,4.7
2020-11-10 06:14:34,-27.58,-70.61,51,3.7
2020-11-08 03:34:29,-27.82,-71.11,28,4.2
2020-11-05 08:19:48,-40.57,-73.3,41,3.9
2020-10-29 16:08:39,-17.7,-69.87,149,4.8
2020-10-28 16:13:56,-21.36,-69.85,53,4
2020-10-28 15:39:20,-29.32,-71.19,58,4.3
2020-10-28 14:53:11,-29.33,-71.2,60,5.9
2020-10-28 04:52:32,-34.91,-71.68,64,5.3
2020-10-22 21:07:13,-21.36,-69.84,50,4.1
2020-10-21 09:13:07,-25.57,-70.83,24,5.6
2020-10-18 16:54:06,-27.35,-70.84,42,4.4
2020-10-14 20:16:09,-33.01,-70.19,126,4.3
2020-10-13 19:07:23,-34.04,-72.24,32,4.1
2020-10-13 17:16:17,-26.16,-71.05,30,4.9
2020-10-12 14:51:53,-21.94,-69.97,70,4
2020-10-10 10:55:02,-26.7,-70.66,55,3.8
2020-10-08 04:28:55,-32.71,-71.62,34,4.1
2020-10-07 05:34:22,-29.0,-71.14,54,4.8
2020-10-06 13:25:12,-21.4,-69.78,46,4.2
2020-10-05 19:28:21,-20.24,-70.28,40,3.6
2020-09-30 13:29:32,-19.46,-69.32,102,3.7
2020-09-29 16:16:15,-41.72,-73.98,36,3.5
2020-09-29 14:24:31,-33.7,-70.82,92,4.4
2020-09-28 15:41:59,-29.27,-71.25,51,3.8
2020-09-28 14:26:04,-29.26,-71.22,51,3.9
2020-09-22 11:53:06,-21.91,-68.41,126,4.7
2020-09-20 20:11:55,-28.55,-71.26,42,4.1
2020-09-19 09:26:50,-21.0,-68.73,129,4.9
2020-09-19 07:01:59,-20.38,-70.05,62,4
2020-09-18 01:46:54,-30.02,-71.64,35,4.1
2020-09-17 06:47:24,-21.38,-69.81,47,3.8
2020-09-17 01:33:15,-30.35,-71.52,40,5.1
2020-09-16 06:30:15,-31.51,-71.65,70,4.3
2020-09-13 14:52:49,-29.04,-71.31,44,4.5
2020-09-12 15:42:11,-31.32,-71.16,68,3.7
2020-09-11 15:10:45,-21.35,-69.85,48,3.9
2020-09-11 10:37:10,-21.37,-69.84,53,3.2
2020-09-11 08:25:06,-21.39,-69.89,48,4.6
2020-09-11 07:48:52,-21.39,-69.86,48,3.6
2020-09-11 07:35:56,-21.36,-69.91,54,6
2020-09-08 09:35:13,-29.46,-71.84,28,4.1
2020-09-07 01:27:48,-27.96,-71.11,30,4.2
2020-09-06 11:21:01,-28.03,-71.41,21,4.8
2020-09-06 01:26:30,-30.42,-71.42,17,3.3
2020-09-06 01:16:58,-30.35,-71.54,30,6.3
2020-09-04 20:12:58,-28.03,-71.26,21,3.2
2020-09-04 13:23:20,-33.37,-71.34,56,3.8
2020-09-03 03:23:57,-28.01,-71.44,27,4.7
2020-09-02 16:14:38,-30.32,-71.39,50,3.7
2020-09-02 13:38:18,-28.06,-71.05,35,4.1
2020-09-02 09:38:13,-28.0,-71.31,26,4.6
2020-09-02 03:04:28,-27.95,-71.43,26,4.7
2020-09-01 21:09:15,-27.98,-71.55,24,6.3
2020-09-01 17:13:22,-27.96,-71.34,31,4.8
2020-09-01 11:45:26,-27.97,-71.33,24,3.9
2020-09-01 10:31:52,-27.94,-71.33,25,5.3
2020-09-01 07:01:24,-28.05,-71.33,30,5.5
2020-09-01 06:28:23,-28.0,-71.07,32,4.5
2020-09-01 05:29:39,-28.06,-71.36,24,5.2
2020-09-01 04:36:36,-27.98,-71.08,20,4.8
2020-09-01 04:30:02,-28.07,-71.21,36,6.1
2020-09-01 04:09:27,-27.97,-71.24,31,7
2020-08-28 17:30:44,-20.01,-69.83,64,4.6
2020-08-27 20:55:39,-28.11,-71.33,43,4.5
2020-08-25 22:44:29,-26.17,-69.48,16,4.7
2020-08-24 16:25:06,-29.22,-71.2,75,3.5
2020-08-23 14:16:11,-27.89,-71.2,28,4.5
2020-08-23 06:16:15,-20.61,-69.8,48,3.9
2020-08-21 05:56:44,-19.61,-69.45,104,4.2
2020-08-16 03:18:50,-19.2,-70.24,72,5.2
2020-08-15 11:11:57,-33.2,-70.07,10,4.7
2020-08-13 12:35:23,-32.68,-71.52,31,3.7
2020-08-10 09:15:14,-33.45,-71.78,35,4.4
2020-08-07 23:53:53,-32.97,-70.19,115,4.6
2020-08-06 03:24:05,-29.39,-71.75,46,4.4
2020-08-03 11:56:52,-19.57,-69.22,102,5.4
2020-08-02 11:01:02,-19.75,-69.87,32,3.9
2020-07-29 04:20:34,-33.69,-71.14,47,3.5
2020-07-28 00:40:04,-34.79,-71.71,46,4.3
2020-07-27 10:10:36,-32.47,-71.48,42,3.5
2020-07-26 23:26:22,-28.96,-71.39,55,3.7
2020-07-26 17:02:49,-32.15,-71.92,32,4.7
2020-07-22 22:25:11,-27.3,-70.08,99,4.9
2020-07-22 09:56:21,-26.2,-70.68,48,4.1
2020-07-21 13:11:07,-29.29,-71.25,57,3.2
2020-07-19 16:52:52,-20.26,-70.06,77,4.7
2020-07-17 05:40:36,-20.24,-70.08,76,5.7
2020-07-15 22:47:21,-20.15,-70.22,45,4.2
2020-07-14 21:27:00,-31.92,-71.41,48,3.3
2020-07-11 06:12:33,-31.7,-71.68,32,4.1
2020-07-10 10:27:37,-20.97,-69.31,60,4.1
2020-07-09 03:46:41,-32.5,-71.51,47,3.7
2020-07-07 03:21:24,-27.57,-70.25,94,3.5
2020-07-04 03:20:12,-28.43,-70.58,82,4.3
2020-07-03 00:18:20,-27.3,-71.06,44,3.9
2020-07-02 12:35:46,-34.17,-72.23,32,4.9
2020-07-02 10:33:02,-30.82,-71.39,50,4.5
2020-07-01 20:44:16,-33.34,-70.2,120,4
2020-06-28 16:57:40,-27.48,-69.4,120,4.2
2020-06-25 16:38:50,-32.24,-71.71,37,3.8
2020-06-25 11:55:02,-32.25,-71.66,41,5.2
2020-06-23 20:19:17,-32.27,-71.72,32,4.1
2020-06-20 07:47:01,-32.8,-71.75,30,3.9
2020-06-17 05:22:49,-27.1,-70.46,28,3.4
2020-06-17 00:50:46,-36.66,-73.13,29,4.7
2020-06-15 04:35:44,-30.01,-71.5,44,4.3
2020-06-13 13:19:22,-27.73,-70.36,90,3.7
2020-06-11 21:53:44,-29.44,-71.14,37,4
2020-06-11 08:56:30,-30.29,-71.45,55,3.9
2020-06-10 11:10:15,-29.29,-71.4,31,3.8
2020-06-10 07:06:45,-32.18,-71.57,52,3.8
2020-06-06 07:03:10,-31.02,-71.44,55,3.7
2020-06-05 02:02:51,-30.45,-71.65,34,4.6
2020-06-04 05:55:51,-32.58,-71.45,39,2.9
2020-06-03 07:35:34,-23.25,-68.53,123,6.9
2020-05-31 05:09:37,-15.82,-71.22,218,6.2
2020-05-30 07:02:01,-29.23,-71.14,60,4.5
2020-05-29 16:32:55,-27.58,-69.28,127,5.2
2020-05-27 15:15:27,-29.23,-71.58,44,3.2
2020-05-26 01:52:36,-20.47,-69.22,85,4.3
2020-05-24 21:40:31,-19.65,-69.45,99,3.9
2020-05-23 14:14:05,-33.07,-71.22,60,3.3
2020-05-23 13:11:00,-33.5,-70.01,118,5.2
2020-05-22 14:59:33,-22.93,-69.04,91,5.2
2020-05-21 22:31:17,-33.55,-70.75,89,4.8
2020-05-21 16:05:09,-31.25,-71.69,44,4
2020-05-21 03:43:19,-41.75,-74.06,40,3.9
2020-05-18 11:15:39,-19.91,-70.05,51,4.9
2020-05-13 22:43:07,-27.75,-70.95,69,4
2020-05-12 23:14:36,-20.21,-69.2,102,4.5
2020-05-12 17:54:11,-33.76,-70.12,15,3
2020-05-12 08:29:42,-29.99,-71.22,59,3.7
2020-05-10 18:04:22,-22.76,-68.22,139,5.4
2020-05-08 22:42:08,-23.16,-68.92,98,5
2020-05-06 15:43:12,-19.32,-70.42,74,5.1
2020-05-06 14:40:06,-28.67,-71.42,22,3.7
2020-05-06 08:37:37,-30.72,-71.41,50,3.7
2020-05-06 06:36:53,-29.58,-71.11,68,5.2
2020-05-05 20:25:19,-30.65,-71.68,36,4.7
2020-05-05 17:19:46,-34.05,-71.23,56,4.6
2020-05-04 02:26:58,-20.53,-69.21,95,4.6
2020-05-03 05:39:17,-31.78,-71.34,42,3.6
2020-05-03 00:44:27,-15.76,-70.88,212,5.6
2020-05-01 14:30:47,-30.66,-71.31,54,4.3
2020-04-30 09:23:13,-22.67,-68.22,127,5.3
2020-04-26 22:42:28,-31.74,-71.28,53,3.7
2020-04-26 05:01:15,-19.89,-70.07,53,3.7
2020-04-25 05:53:58,-27.91,-71.3,27,4.9
2020-04-23 22:58:46,-31.06,-71.42,63,4.1
2020-04-22 15:51:28,-30.38,-71.5,44,4.4
2020-04-21 18:45:39,-22.06,-70.44,31,4
2020-04-21 12:31:24,-30.98,-71.38,54,3.1
2020-04-18 09:18:25,-29.09,-71.14,43,3.4
2020-04-16 15:13:07,-37.96,-73.7,28,5
2020-04-15 09:18:51,-19.63,-70.38,64,4.6
2020-04-15 00:19:02,-20.2,-69.19,97,4.5
2020-04-14 16:02:10,-33.88,-70.52,114,5.1
2020-04-14 12:04:30,-25.81,-69.35,25,5.2
2020-04-09 14:06:52,-18.23,-69.51,149,4.8
2020-04-07 17:42:05,-31.47,-71.63,36,4.4
2020-04-07 10:18:02,-31.54,-71.54,45,4.5
2020-04-06 01:54:38,-29.56,-71.41,59,4.6
2020-04-06 01:00:25,-31.82,-71.39,55,3.9
2020-04-05 16:29:35,-20.15,-70.09,52,4.4
2020-04-05 14:20:12,-31.77,-71.59,36,4.5
2020-04-05 14:18:28,-31.77,-71.66,32,4.1
2020-04-04 11:01:39,-22.07,-70.13,72,3.8
2020-04-03 20:17:19,-30.64,-71.75,36,4.7
2020-04-03 08:48:01,-29.07,-71.51,65,4.9
2020-04-02 10:21:41,-18.52,-70.46,38,4.1
2020-04-02 02:30:45,-26.19,-70.54,59,4.9
2020-04-01 16:30:38,-22.73,-70.27,36,4.2
2020-03-30 14:53:36,-27.08,-71.23,24,4.5
2020-03-30 10:01:09,-21.42,-69.47,28,4.6
2020-03-28 19:23:34,-26.26,-69.57,15,3.3
2020-03-28 03:18:41,-32.45,-71.75,36,4.4
2020-03-26 23:26:19,-30.61,-71.68,36,3.9
2020-03-25 00:07:13,-18.49,-69.14,4,3.1
2020-03-24 06:52:18,-30.63,-71.57,42,4.9
2020-03-23 22:16:45,-18.86,-70.04,67,4.6
2020-03-23 17:04:34,-32.62,-71.5,27,3.1
2020-03-21 22:20:12,-42.92,-74.14,39,4.2
2020-03-19 00:59:56,-33.39,-71.32,55,4.1
2020-03-17 08:12:01,-36.19,-73.29,42,5.6
2020-03-17 00:39:25,-20.14,-69.23,94,4.1
2020-03-15 07:39:26,-30.07,-71.28,64,3.6
2020-03-13 02:08:03,-19.96,-69.44,112,5.4
2020-03-11 00:00:38,-30.45,-71.63,36,4.4
2020-03-10 13:44:21,-22.15,-68.11,157,5
2020-03-07 10:28:56,-42.88,-74.3,22,4.4
2020-03-07 04:47:12,-31.57,-71.52,44,3.9
2020-03-06 19:21:42,-32.5,-71.55,44,3.2
2020-03-06 05:50:34,-21.29,-69.88,53,4.6
2020-03-05 18:06:08,-23.86,-69.81,65,4.9
2020-03-05 06:57:44,-28.44,-67.88,128,5.3
2020-03-02 23:07:53,-18.2,-70.41,57,4.8
2020-03-02 17:10:58,-27.67,-70.34,88,3.8
2020-02-29 15:45:28,-25.84,-69.35,107,4.4
2020-02-27 01:36:59,-29.52,-71.06,74,5
2020-02-26 20:21:32,-30.99,-71.34,57,4.8
2020-02-25 14:51:42,-31.3,-71.46,60,3.6
2020-02-25 00:49:43,-22.96,-69.44,85,4.6
2020-02-23 01:12:35,-30.44,-71.63,36,5
2020-02-18 21:41:40,-20.75,-69.32,87,4.7
2020-02-18 09:05:48,-19.12,-70.44,63,3.9
2020-02-17 11:16:16,-22.59,-69.9,42,3.8
2020-02-16 22:05:45,-21.91,-68.73,130,5.4
2020-02-14 21:37:22,-30.1,-71.27,63,3.5
2020-02-14 09:32:55,-30.18,-71.17,65,4
2020-02-13 22:23:32,-22.71,-69.09,85,4.5
2020-02-13 17:08:39,-29.68,-71.43,67,5
2020-02-11 13:50:03,-24.77,-70.76,55,5.1
2020-02-11 03:17:27,-30.39,-71.55,41,3.9
2020-02-10 02:00:58,-29.32,-70.67,78,3.3
2020-02-08 06:17:58,-20.84,-68.7,110,5.2
2020-02-07 05:27:31,-26.46,-70.69,50,3.6
2020-02-06 06:51:16,-29.34,-70.64,87,4.1
2020-01-31 19:28:54,-30.97,-71.33,67,3.9
2020-01-29 19:37:11,-32.75,-71.72,30,3.3
2020-01-29 17:31:08,-21.56,-69.62,48,3.5
2020-01-28 05:09:55,-31.74,-71.38,46,4
2020-01-24 05:13:49,-17.46,-71.09,79,5.2
2020-01-21 04:18:42,-30.73,-71.41,52,3.6
2020-01-19 07:33:42,-41.73,-74.17,39,4.6
2020-01-18 18:52:13,-29.33,-71.33,56,3.7
2020-01-17 03:51:41,-29.47,-71.28,50,3.2
2020-01-17 03:19:26,-28.64,-71.41,27,3.9
2020-01-16 13:12:57,-19.89,-69.24,96,4.8
2020-01-16 11:41:55,-29.93,-71.36,50,3.4
2020-01-14 01:57:30,-21.73,-68.48,124,5.1
2020-01-13 08:12:39,-26.24,-70.61,56,5
2020-01-13 02:01:42,-40.25,-71.52,174,4.7
2020-01-12 11:20:30,-20.86,-70.17,53,4.9
2020-01-10 20:48:04,-30.84,-71.36,45,4.9
2020-01-09 10:09:48,-19.64,-70.06,46,4.3
2020-01-08 08:47:46,-20.43,-68.93,116,5.2
2020-01-06 08:10:57,-27.21,-71.11,25,3.8
2020-01-06 04:07:47,-31.16,-71.44,59,3.7
2020-01-01 16:51:31,-30.28,-71.56,47,4.9
2020-01-01 00:11:23,-25.64,-70.52,53,3.5
2019-12-30 08:02:54,-30.28,-71.57,43,4.2
2019-12-28 22:40:02,-33.07,-70.22,114,4.5
2019-12-28 17:48:38,-25.57,-70.72,44,3.5
2019-12-27 18:50:44,-23.1,-69.71,117,4.4
2019-12-27 09:37:04,-19.84,-70.17,38,3.7
2019-12-26 09:28:59,-21.05,-70.39,53,4.2
2019-12-23 11:23:31,-28.67,-71.45,33,4.4
2019-12-22 11:31:07,-27.91,-71.29,26,3.9
2019-12-20 08:31:55,-26.39,-70.44,54,4
2019-12-18 18:44:49,-30.02,-71.26,52,4.5
2019-12-18 08:11:05,-20.25,-69.16,95,5.2
2019-12-17 22:38:17,-27.04,-69.33,122,4.1
2019-12-12 03:42:56,-32.63,-71.62,37,3.7
2019-12-11 11:22:42,-29.94,-71.39,45,3.1
2019-12-10 22:05:01,-31.83,-71.29,57,4.2
2019-12-09 05:04:14,-32.09,-70.53,130,4.9
2019-12-05 08:01:54,-29.8,-71.28,50,4.5
2019-12-04 05:37:01,-22.54,-69.19,81,4.1
2019-12-03 08:46:34,-18.53,-70.72,44,6
2019-12-03 07:29:31,-20.88,-70.84,23,5.2
2019-12-02 19:25:36,-32.83,-71.56,47,3.1
2019-11-30 14:46:18,-31.52,-71.67,27,4
2019-11-30 07:30:52,-32.73,-71.77,29,4.1
2019-11-29 21:07:08,-32.73,-71.77,37,4.7
2019-11-29 11:06:05,-21.34,-68.93,121,5.1
2019-11-28 06:36:14,-27.29,-71.1,15,4.2
2019-11-27 14:23:40,-28.24,-70.94,63,4
2019-11-27 13:41:31,-20.35,-70.41,43,4.3
2019-11-27 07:43:47,-28.59,-70.93,65,3.2
2019-11-26 09:31:47,-28.53,-71.34,42,4.8
2019-11-25 20:40:11,-31.05,-71.27,65,3.8
2019-11-25 06:27:30,-30.79,-71.27,43,3.5
2019-11-24 21:18:25,-31.79,-71.45,44,4.4
2019-11-24 21:18:25,-31.79,-71.45,44,4.4
2019-11-23 05:35:01,-27.21,-70.9,44,3.5
2019-11-22 22:27:32,-32.72,-70.17,113,5.3
2019-11-21 15:13:56,-27.76,-70.56,65,4.4
2019-11-21 12:11:54,-29.86,-71.55,45,3.8
2019-11-21 01:36:27,-29.84,-71.22,58,4.4
2019-11-19 12:22:31,-19.47,-70.12,37,3.2
2019-11-16 20:43:35,-31.77,-71.36,48,3.9
2019-11-16 06:58:32,-30.26,-71.21,63,3.9
2019-11-15 17:16:43,-34.06,-72.28,33,4.9
2019-11-14 19:46:25,-43.18,-74.34,20,3.8
2019-11-13 03:18:02,-30.15,-71.29,63,3.7
2019-11-11 20:52:23,-31.81,-71.31,55,4.2
2019-11-11 20:52:23,-31.81,-71.31,55,4.2
2019-11-10 07:21:31,-28.33,-70.56,90,4.8
2019-11-09 08:25:14,-34.22,-71.88,42,3.9
2019-11-07 19:13:40,-20.48,-69.05,108,4.4
2019-11-06 11:39:02,-31.81,-71.29,48,4
2019-11-05 11:20:44,-20.18,-69.2,91,4
2019-11-05 00:30:27,-31.78,-71.3,56,4
2019-11-04 23:07:12,-31.82,-71.33,56,4.3
2019-11-04 23:07:12,-31.82,-71.33,56,4.3
2019-11-04 21:53:24,-31.81,-71.34,56,6.1
2019-11-04 13:03:40,-21.39,-70.44,42,4.9
2019-11-04 09:19:56,-25.87,-70.62,67,4.1
2019-11-03 13:23:16,-29.2,-67.85,138,5.5
2019-11-03 08:06:10,-30.73,-72.11,14,5.3
2019-11-01 23:43:27,-29.25,-71.59,40,4.2
2019-11-01 23:43:27,-29.25,-71.59,40,4.2
2019-10-31 22:09:14,-32.36,-71.39,49,4.6
2019-10-31 08:56:45,-31.74,-71.54,36,3.9
2019-10-30 12:38:44,-19.2,-70.15,56,3.7
2019-10-30 04:52:58,-19.02,-69.31,115,4.3
2019-10-29 20:32:08,-21.25,-68.87,119,4.5
2019-10-29 18:09:10,-30.65,-71.28,47,3.5
2019-10-29 08:15:43,-23.13,-70.67,37,4.8
2019-10-29 02:38:16,-19.55,-69.38,98,4.4
2019-10-28 03:55:11,-30.23,-69.16,28,5.4
2019-10-27 08:33:54,-29.22,-71.7,38,4.5
2019-10-25 10:53:30,-29.9,-71.4,50,3.4
2019-10-25 10:53:30,-29.9,-71.4,50,3.4
2019-10-23 23:57:22,-26.32,-70.78,42,3.7
2019-10-23 20:33:30,-31.48,-71.66,42,4.1
2019-10-23 18:43:49,-31.46,-71.61,34,4.5
2019-10-22 21:07:42,-32.56,-71.56,61,3.5
2019-10-21 12:02:42,-30.71,-71.37,49,4.3
2019-10-21 12:02:42,-30.71,-71.37,49,4.3
2019-10-21 09:36:23,-38.95,-72.85,60,5
2019-10-17 06:35:04,-23.7,-68.99,92,4.3
2019-10-11 02:55:41,-29.25,-71.72,36,4.9
2019-10-10 18:34:06,-26.32,-70.71,42,3.4
2019-10-08 14:04:11,-27.35,-70.97,33,3.7
2019-10-08 06:18:05,-18.1,-69.75,128,4.6
2019-10-06 10:40:55,-21.9,-68.61,114,5.7
2019-10-05 18:58:00,-32.58,-71.53,53,4.3
2019-09-30 11:53:23,-22.19,-68.82,116,5.6
2019-09-30 00:11:59,-20.29,-70.23,42,3.5
2019-09-29 15:57:53,-35.47,-73.18,31,6.6
2019-09-27 11:21:23,-23.17,-69.11,111,4.8
2019-09-26 20:31:29,-29.88,-71.31,46,5.4
2019-09-26 16:36:17,-40.83,-72.29,140,6
2019-09-25 19:43:24,-27.82,-66.75,167,5.3
2019-09-22 03:43:12,-31.47,-71.65,40,3.7
2019-09-21 08:39:15,-32.77,-71.78,31,3.2
2019-09-21 00:36:07,-22.11,-68.61,125,4.6
2019-09-20 16:33:53,-28.58,-71.22,40,4.5
2019-09-19 13:16:31,-31.51,-71.54,49,3.4
2019-09-19 09:54:14,-27.19,-71.07,37,4.5
2019-09-19 01:58:44,-30.7,-71.71,36,4.3
2019-09-18 05:36:24,-19.14,-70.22,71,4.5
2019-09-17 09:57:16,-19.33,-70.19,42,3.7
2019-09-16 18:39:44,-19.06,-69.54,92,4.4
2019-09-15 16:56:36,-32.28,-71.83,24,4
2019-09-14 17:40:35,-25.19,-70.67,19,4.2
2019-09-14 06:14:32,-32.85,-70.41,107,4.4
2019-09-14 03:26:55,-33.9,-72.11,38,3.2
2019-09-14 02:45:45,-33.88,-72.09,24,3.7
2019-09-13 00:58:51,-27.35,-70.87,37,3.2
2019-09-12 14:08:18,-22.13,-68.64,114,4.6
2019-09-11 14:52:31,-18.11,-70.13,71,4.5
2019-09-10 18:33:01,-30.72,-71.39,50,4.1
2019-09-10 18:33:01,-30.72,-71.39,50,4.1
2019-09-10 07:33:15,-19.83,-70.25,76,3.9
2019-09-09 11:57:17,-30.2,-71.3,65,4
2019-09-08 20:40:18,-20.32,-70.03,74,4.4
2019-09-07 00:52:56,-19.77,-69.29,94,4.1
2019-09-06 08:21:58,-29.74,-71.51,69,4.1
2019-09-05 05:41:29,-36.09,-73.99,20,5
2019-09-03 18:52:30,-19.24,-70.13,55,3.5
2019-09-01 17:31:21,-32.65,-71.81,24,3.8
2019-09-01 14:50:08,-27.48,-70.26,101,4.3
2019-09-01 12:51:41,-33.16,-71.65,37,2.9
2019-08-31 18:18:13,-30.21,-71.23,70,4.1
2019-08-31 01:51:49,-32.67,-71.75,29,3.7
2019-08-29 23:24:55,-31.49,-71.69,25,3.8
2019-08-29 14:31:27,-34.36,-72.07,21,3.9
2019-08-28 15:53:03,-20.56,-70.36,32,4.9
2019-08-28 12:43:44,-23.13,-69.23,108,5.2
2019-08-27 20:37:45,-26.83,-71.09,55,3.4
2019-08-25 10:48:13,-32.53,-71.86,18,3.9
2019-08-24 23:36:35,-43.24,-74.18,36,4.8
2019-08-24 02:33:00,-31.11,-71.39,67,5.3
2019-08-24 01:35:19,-30.06,-71.51,27,3.9
2019-08-21 10:04:46,-28.9,-71.38,32,4.1
2019-08-21 10:04:46,-28.9,-71.38,32,4.1
2019-08-20 17:33:44,-31.93,-71.13,76,4.1
2019-08-20 17:04:46,-23.37,-69.62,67,4.4
2019-08-17 09:18:20,-30.02,-71.67,38,4.2
2019-08-15 14:23:42,-29.97,-72.02,32,4.7
2019-08-15 14:06:32,-31.94,-71.42,36,2.9
2019-08-14 21:33:12,-20.74,-70.11,30,4.2
2019-08-14 12:23:07,-18.62,-69.48,114,4
2019-08-14 11:42:43,-31.97,-71.53,38,3.8
2019-08-13 11:13:42,-25.54,-70.87,47,3.8
2019-08-12 21:40:20,-19.23,-69.73,86,4.2
2019-08-12 08:17:50,-20.71,-69.22,107,4.9
2019-08-11 21:39:47,-30.39,-71.48,26,3.7
2019-08-11 07:41:26,-25.05,-70.81,32,3.9
2019-08-10 17:16:04,-31.77,-71.39,54,4.7
2019-08-10 17:16:04,-31.77,-71.39,54,4.7
2019-08-09 02:09:36,-32.14,-70.96,92,5.1
2019-08-08 06:37:38,-30.33,-71.18,60,4
2019-08-07 17:01:05,-20.5,-68.91,102,4.1
2019-08-07 12:17:52,-32.01,-71.59,40,3.5
2019-08-05 22:12:20,-25.41,-70.72,26,3.8
2019-08-02 17:58:52,-34.25,-72.33,12,4.3
2019-08-02 00:55:17,-34.17,-72.12,21,5.4
2019-08-01 20:01:28,-34.31,-72.42,21,5.4
2019-08-01 19:36:26,-34.2,-72.19,18,4.6
2019-08-01 18:28:03,-34.28,-72.51,13,6.6
2019-07-31 19:54:26,-20.07,-69.76,73,3.8
2019-07-31 11:01:59,-28.41,-70.94,72,3.8
2019-07-31 08:16:02,-30.21,-71.25,54,3.7
2019-07-31 06:40:27,-32.21,-71.17,67,3.1
2019-07-31 03:11:08,-19.37,-70.06,74,3.6
2019-07-30 16:38:17,-31.52,-71.69,30,3.9
2019-07-29 17:50:21,-31.63,-71.47,56,3.9
2019-07-29 17:50:21,-31.63,-71.47,56,3.9
2019-07-24 09:12:52,-30.07,-71.26,68,3.5
2019-07-21 09:35:18,-28.79,-69.95,110,3.5
2019-07-21 04:11:07,-41.73,-74.11,41,3.1
2019-07-17 19:35:14,-30.99,-71.49,33,4.1
2019-07-16 09:16:17,-20.79,-69.72,58,3.7
2019-07-14 15:56:39,-33.13,-70.56,97,4.5
2019-07-12 17:08:37,-27.63,-70.21,88,3.6
2019-07-12 09:25:03,-30.72,-71.33,50,4.3
2019-07-12 09:25:03,-30.72,-71.33,50,4.3
2019-07-12 07:24:39,-20.77,-70.42,28,4.7
2019-07-12 00:19:24,-19.69,-69.73,75,3.3
2019-07-07 21:20:38,-30.9,-71.33,55,3.7
2019-07-06 08:54:07,-30.27,-71.64,35,3.8
2019-07-05 12:06:38,-29.68,-71.17,58,3.5
2019-07-04 00:12:12,-19.31,-69.41,94,4.2
2019-06-30 05:50:58,-31.55,-71.51,46,4.4
2019-06-30 05:50:58,-31.55,-71.51,46,4.4
2019-06-29 04:57:03,-30.21,-71.32,65,4.3
2019-06-28 08:30:41,-29.36,-70.84,73,5.1
2019-06-27 19:49:53,-30.77,-71.38,51,3.8
2019-06-27 19:49:53,-30.77,-71.38,51,3.8
2019-06-26 07:29:47,-29.43,-71.29,48,4
2019-06-24 10:33:17,-30.59,-71.6,32,4.5
2019-06-24 04:42:43,-38.67,-73.18,35,4.4
2019-06-23 19:58:58,-29.27,-71.26,47,3.6
2019-06-23 17:09:23,-21.95,-70.42,21,4.4
2019-06-22 15:05:17,-31.3,-71.75,26,3.8
2019-06-21 10:51:36,-32.57,-71.55,33,3.1
2019-06-20 01:23:27,-33.59,-69.31,190,5.5
2019-06-19 22:21:58,-29.19,-71.31,50,3.9
2019-06-16 23:45:20,-32.77,-71.53,24,3.5
2019-06-16 22:50:45,-24.25,-66.87,204,5.3
2019-06-15 00:46:06,-20.12,-69.22,91,3.9
2019-06-14 12:31:22,-31.0,-71.31,65,3.6
2019-06-14 04:14:36,-32.98,-70.72,85,4.4
2019-06-14 00:19:11,-30.08,-72.2,37,6.3
2019-06-13 22:50:11,-30.44,-71.33,55,4.9
2019-06-13 16:12:31,-28.81,-71.05,60,4.8
2019-06-11 05:00:54,-18.93,-70.34,37,4.6
2019-06-10 05:27:23,-22.33,-68.67,103,4.6
2019-06-10 03:17:01,-31.98,-71.26,55,4.4
2019-06-09 22:00:54,-27.37,-71.21,17,4.1
2019-06-08 13:44:09,-39.37,-72.39,84,4.4
2019-06-05 16:19:42,-27.41,-70.23,91,5.4
2019-06-04 17:19:19,-30.3,-71.33,24,3.1
2019-06-04 10:33:39,-32.16,-71.75,37,4.6
2019-06-03 08:42:13,-19.64,-70.42,57,5.2
2019-06-03 04:22:25,-32.74,-71.4,63,5.1
2019-06-02 19:49:29,-32.15,-71.7,30,4.3
2019-06-02 03:21:17,-23.67,-69.36,86,4.5
2019-06-01 15:22:57,-27.12,-70.91,35,3.9
2019-06-01 10:59:41,-29.69,-71.31,59,4.5
2019-05-30 03:34:56,-23.46,-68.87,104,5
2019-05-27 22:44:26,-28.73,-70.57,92,4.6
2019-05-27 21:56:14,-30.68,-71.76,35,4.2
2019-05-27 15:25:26,-33.09,-71.89,28,4.3
2019-05-26 13:34:35,-25.96,-69.05,121,4.1
2019-05-26 01:26:00,-30.4,-71.44,11,3.5
2019-05-24 21:21:31,-20.03,-69.14,94,3.7
2019-05-24 20:16:01,-27.91,-66.95,176,5.8
2019-05-23 00:59:25,-34.8,-71.81,42,4.2
2019-05-22 04:23:12,-40.48,-72.94,46,4.8
2019-05-21 19:25:12,-30.5,-71.24,57,4.6
2019-05-20 11:18:32,-31.49,-70.23,134,5.6
2019-05-18 23:32:34,-20.19,-69.37,102,4
2019-05-18 17:51:57,-30.26,-71.17,59,4
2019-05-18 02:52:25,-33.3,-70.34,105,4
2019-05-17 14:16:24,-19.75,-70.28,69,5
2019-05-16 14:32:50,-17.88,-70.31,111,5.2
2019-05-16 04:32:28,-29.92,-71.42,53,3.8
2019-05-16 01:34:11,-34.47,-71.96,28,4
2019-05-16 00:32:13,-31.5,-69.7,139,5
2019-05-16 00:32:13,-31.5,-69.7,139,5
2019-05-15 07:55:33,-21.66,-70.49,40,4.3
2019-05-14 23:15:33,-33.65,-70.05,11,2.3
2019-05-12 06:42:24,-22.02,-69.95,50,4
2019-05-11 17:05:24,-41.98,-74.21,46,4.2
2019-05-11 03:05:55,-30.74,-71.35,37,3.6
2019-05-10 03:47:43,-29.92,-71.38,50,3
2019-05-09 22:21:40,-21.19,-70.02,51,4.5
2019-05-06 15:47:49,-22.79,-69.15,114,4.9
2019-05-06 06:32:36,-30.71,-71.39,54,3.6
2019-05-04 19:51:05,-29.81,-71.52,49,4.2
2019-04-29 22:24:18,-32.65,-71.68,29,4.2
2019-04-29 14:07:12,-30.84,-71.51,50,4.4
2019-04-29 14:07:12,-30.84,-71.51,50,4.4
2019-04-28 12:03:02,-32.2,-71.86,35,4.8
2019-04-28 10:25:25,-24.09,-70.72,43,4.7
2019-04-27 22:50:02,-30.27,-71.34,66,4
2019-04-27 00:51:08,-32.5,-71.7,30,4
2019-04-26 06:22:35,-26.0,-70.75,50,5.6
2019-04-25 20:28:31,-29.69,-71.34,51,4
2019-04-25 09:33:32,-29.66,-71.3,68,3.8
2019-04-25 09:33:32,-29.66,-71.3,68,3.8
2019-04-24 18:57:33,-21.49,-68.52,137,5.3
2019-04-24 13:00:47,-30.66,-71.38,51,3.4
2019-04-24 13:00:47,-30.66,-71.38,51,3.4
2019-04-24 06:24:33,-21.49,-69.78,49,5
2019-04-23 17:35:10,-22.16,-70.44,34,3.9
2019-04-23 10:16:16,-18.38,-70.13,73,3.9
2019-04-22 11:17:48,-30.2,-71.27,58,3.9
2019-04-21 10:00:11,-35.78,-71.85,85,5.2
2019-04-20 23:23:45,-30.86,-71.29,44,4.3
2019-04-20 23:23:45,-30.86,-71.29,44,4.3
2019-04-20 21:49:48,-29.59,-71.11,34,3.4
2019-04-20 21:49:48,-29.59,-71.11,34,3.4
2019-04-20 17:29:03,-31.49,-71.69,32,3.8
2019-04-20 00:00:05,-32.0,-71.67,40,4
2019-04-19 21:37:41,-20.34,-69.13,91,5
2019-04-19 12:43:27,-22.91,-69.02,90,4.2
2019-04-18 04:06:33,-29.38,-71.63,65,5.7
2019-04-16 06:50:56,-20.13,-70.12,45,3.3
2019-04-16 00:54:12,-27.89,-71.37,27,4.7
2019-04-12 12:02:53,-32.24,-71.63,61,4
2019-04-11 17:07:32,-24.58,-70.11,61,4.9
2019-04-11 00:32:23,-29.53,-71.34,58,3.7
2019-04-11 00:32:23,-29.53,-71.34,58,3.7
2019-04-10 12:42:52,-32.13,-71.57,37,3.7
2019-04-09 12:29:51,-33.42,-71.95,37,3.8
2019-04-09 02:21:05,-32.35,-71.26,51,3.7
2019-04-08 06:39:42,-32.14,-71.54,32,4.6
2019-04-07 15:30:08,-28.43,-70.12,88,3.7
2019-04-07 14:57:36,-32.0,-71.59,48,4.1
2019-04-07 10:52:40,-33.77,-72.62,10,4.8
2019-04-06 22:02:01,-27.32,-70.69,51,3.6
2019-04-06 21:33:02,-30.07,-71.27,63,4.9
2019-04-04 12:00:08,-30.25,-71.2,64,4.7
2019-04-03 18:12:39,-32.89,-70.39,97,4.1
2019-04-03 15:14:18,-29.75,-70.9,82,3.8
2019-04-03 14:34:00,-20.84,-69.98,72,3.8
2019-04-03 01:49:09,-51.2,-72.2,10,4
2019-04-02 13:17:38,-51.22,-72.2,3,4.6
2019-04-01 18:44:49,-30.24,-71.29,67,4.5
2019-04-01 09:43:16,-25.36,-70.87,55,3.5
2019-03-30 18:33:16,-24.0,-70.17,43,4.4
2019-03-29 10:53:16,-32.48,-71.81,46,3.9
2019-03-29 01:07:19,-31.54,-71.35,49,3.5
2019-03-28 15:05:32,-24.6,-70.12,61,5.5
2019-03-27 03:57:10,-18.44,-69.59,117,4.6
2019-03-27 00:34:53,-19.27,-70.28,35,4.2
2019-03-26 19:17:42,-42.63,-74.2,35,4
2019-03-25 10:52:40,-21.34,-70.14,66,4.9
2019-03-24 12:41:15,-30.18,-71.3,65,3.6
2019-03-24 04:48:18,-22.79,-68.86,105,4.4
2019-03-23 13:38:50,-32.77,-71.77,20,3.2
2019-03-23 02:32:43,-29.51,-71.49,47,3.7
2019-03-23 02:32:43,-29.51,-71.49,47,3.7
2019-03-22 18:14:56,-22.9,-68.75,106,4.3
2019-03-21 20:34:35,-36.19,-72.7,67,4.4
2019-03-21 16:57:53,-22.71,-68.61,110,4.4
2019-03-20 03:48:54,-30.07,-71.29,64,4.1
2019-03-18 23:56:43,-30.22,-71.17,67,4.2
2019-03-17 21:24:10,-32.58,-71.58,37,3.2
2019-03-16 18:06:15,-29.77,-71.42,45,5.2
2019-03-15 14:27:57,-29.59,-71.15,55,3.7
2019-03-15 14:27:57,-29.59,-71.15,55,3.7
2019-03-15 05:03:51,-17.85,-65.91,353,6.3
2019-03-14 19:27:04,-20.27,-69.15,114,4.1
2019-03-14 17:59:48,-27.99,-70.05,90,3.7
2019-03-14 08:15:07,-30.66,-71.27,44,3.1
2019-03-13 21:46:10,-30.71,-71.41,42,4.1
2019-03-13 21:46:10,-30.71,-71.41,42,4.1
2019-03-13 02:11:01,-28.64,-70.4,88,4
2019-03-12 08:19:24,-31.24,-71.85,32,3.8
2019-03-11 22:14:16,-34.34,-70.58,108,4.4
2019-03-11 03:33:02,-21.28,-68.73,130,4.5
2019-03-10 13:08:02,-25.78,-70.44,45,4.8
2019-03-09 20:45:43,-31.43,-70.37,139,4.9
2019-03-09 15:22:21,-30.7,-71.36,54,4.3
2019-03-09 15:22:21,-30.7,-71.36,54,4.3
2019-03-09 06:16:17,-19.94,-69.12,98,4.2
2019-03-09 02:16:58,-30.24,-71.32,55,4.9
2019-03-07 15:34:30,-29.62,-72.48,20,5.7
2019-03-07 09:21:37,-30.23,-71.26,55,4
2019-03-07 06:34:09,-30.18,-71.23,58,4.4
2019-03-07 05:50:37,-18.87,-69.64,119,4.8
2019-03-06 05:14:58,-29.29,-71.16,35,3.9
2019-03-06 05:14:58,-29.29,-71.16,35,3.9
2019-03-05 16:31:27,-29.93,-71.59,44,4.4
2019-03-02 20:21:53,-33.67,-72.5,16,5.3
2019-03-02 01:55:30,-33.14,-71.67,54,3.8
2019-03-01 22:43:26,-30.63,-71.7,34,5.3
2019-03-01 08:50:41,-14.7,-70.39,260,7
2019-02-28 18:17:06,-42.75,-74.32,39,4.5
2019-02-27 11:26:10,-30.18,-71.28,66,3.6
2019-02-26 08:47:26,-30.23,-71.26,57,4.7
2019-02-25 22:54:31,-29.68,-71.28,52,4.6
2019-02-25 15:28:44,-29.78,-71.65,36,5.3
2019-02-23 23:06:25,-30.99,-71.36,62,3.7
2019-02-23 02:47:21,-30.24,-71.29,68,3.9
2019-02-22 09:25:58,-30.78,-70.89,90,4.8
2019-02-22 05:12:01,-31.36,-71.28,71,3.8
2019-02-19 05:09:43,-28.0,-71.36,47,4.5
2019-02-18 21:16:01,-23.3,-70.87,49,3.7
2019-02-15 23:00:27,-30.59,-71.52,14,3.7
2019-02-15 07:00:06,-30.04,-71.21,61,4.4
2019-02-12 14:13:07,-29.73,-71.35,54,4.3
2019-02-12 02:10:23,-20.27,-69.93,53,3.3
2019-02-10 21:00:37,-28.07,-70.58,90,4.2
2019-02-09 23:40:54,-22.83,-68.72,110,4.6
2019-02-07 21:03:24,-30.13,-71.26,60,4.3
2019-02-07 18:42:17,-37.24,-72.78,56,4.3
2019-02-07 08:14:42,-29.46,-71.54,29,3
2019-02-06 17:56:50,-19.89,-71.14,37,5
2019-02-05 00:55:51,-23.0,-69.36,87,4.4
2019-02-04 07:25:46,-28.49,-70.48,111,4
2019-02-03 02:56:42,-31.41,-71.74,26,5
2019-01-31 19:49:50,-20.46,-69.0,102,4
2019-01-30 07:44:43,-25.87,-70.62,54,5.5
2019-01-29 20:25:34,-30.75,-71.03,72,4.4
2019-01-29 11:02:55,-31.72,-71.3,56,4
2019-01-28 09:00:47,-35.62,-72.97,28,5
2019-01-28 06:46:20,-32.66,-71.58,53,4.1
2019-01-28 03:33:36,-29.68,-71.28,50,4.5
2019-01-26 14:26:02,-19.17,-70.12,68,4.2
2019-01-25 15:49:34,-33.55,-70.3,113,4.3
2019-01-25 08:29:18,-30.24,-71.33,66,4
2019-01-24 10:28:28,-30.17,-71.22,58,5
2019-01-24 08:06:10,-35.0,-71.81,49,4.1
2019-01-24 07:25:46,-30.12,-71.3,65,4
2019-01-22 16:19:26,-30.23,-71.24,59,4.3
2019-01-22 13:44:47,-30.21,-71.18,65,4.3
2019-01-22 09:15:25,-30.23,-71.22,60,4
2019-01-22 00:41:20,-30.15,-71.25,61,4.5
2019-01-22 00:36:43,-30.22,-71.24,64,4.2
2019-01-21 20:27:34,-33.87,-70.36,116,4.6
2019-01-20 09:23:33,-29.97,-71.95,24,4.7
2019-01-20 04:59:44,-30.14,-71.24,62,4.3
2019-01-20 02:35:59,-30.09,-71.24,64,4.2
2019-01-20 01:38:20,-30.27,-71.29,61,4.1
2019-01-20 01:32:51,-30.28,-71.36,50,6.7
2019-01-18 15:02:54,-30.77,-71.3,62,4.4
2019-01-18 12:34:09,-40.57,-73.05,51,4
2019-01-18 09:32:26,-29.76,-70.77,55,3.5
2019-01-17 13:58:58,-22.19,-68.86,95,4.2
2019-01-17 07:39:34,-33.32,-70.23,111,4.1
2019-01-14 20:14:48,-27.05,-70.16,98,3.9
2019-01-14 13:01:52,-41.6,-73.21,70,3.6
2019-01-09 20:05:17,-30.17,-71.68,54,4.2
2019-01-08 22:32:56,-20.59,-69.79,24,4.3
2019-01-07 13:43:31,-19.61,-69.13,104,4.9
2019-01-07 01:44:59,-25.42,-70.89,26,3.6
2019-01-06 20:25:38,-19.6,-69.67,102,5
2019-01-02 16:32:48,-25.48,-70.36,52,4.1
2018-12-31 17:26:01,-22.19,-68.72,114,4.5
2018-12-31 10:49:41,-31.82,-69.8,151,5.6
2018-12-31 07:54:55,-23.13,-69.12,89,4.1
2018-12-29 13:57:19,-30.05,-71.14,75,4.1
2018-12-28 20:33:32,-19.91,-69.21,92,4
2018-12-24 20:55:58,-22.09,-68.9,98,4.7
2018-12-23 18:50:45,-27.58,-69.38,118,4.4
2018-12-23 12:46:16,-27.48,-70.25,96,4.3
2018-12-21 01:38:33,-21.05,-68.94,103,4.6
2018-12-20 05:05:41,-19.96,-69.35,84,4.2
2018-12-17 19:39:13,-29.6,-71.27,52,3.6
2018-12-17 02:04:57,-21.69,-69.04,94,4.2
2018-12-16 16:27:22,-23.44,-69.36,89,5
2018-12-16 00:04:13,-30.65,-71.63,31,4.7
2018-12-15 12:12:49,-19.88,-71.01,35,4.7
2018-12-13 23:01:39,-23.2,-69.26,86,4.1
2018-12-13 04:04:29,-27.67,-69.29,111,4.8
2018-12-11 23:25:11,-30.57,-71.28,60,4.4
2018-12-11 17:55:06,-34.98,-71.13,101,4.6
2018-12-11 05:33:12,-20.99,-69.95,68,5.1
2018-12-10 16:27:43,-19.13,-70.42,30,4
2018-12-08 16:11:32,-33.31,-70.36,96,4.2
2018-12-07 09:44:18,-29.01,-70.36,97,4.8
2018-12-06 05:24:14,-30.72,-71.41,50,4.6
2018-12-05 17:12:14,-33.69,-71.5,40,5.3
2018-12-05 09:52:47,-30.32,-71.53,26,4.2
2018-12-02 11:04:17,-30.67,-71.84,34,4.4
2018-12-01 23:55:24,-33.93,-72.47,36,5.2
2018-12-01 13:19:33,-30.72,-71.44,39,4
2018-11-28 18:32:40,-33.7,-72.06,36,4.3
2018-11-27 18:07:42,-29.56,-71.44,41,3.7
2018-11-21 11:42:59,-31.6,-71.44,47,4.9
2018-11-20 01:56:54,-29.87,-71.36,49,4.2
2018-11-17 16:51:09,-29.05,-71.27,56,3.8
2018-11-15 23:29:49,-25.14,-70.71,43,3.5
2018-11-15 06:46:01,-30.16,-71.23,78,4
2018-11-12 18:29:15,-21.11,-68.96,112,4.5
2018-11-10 07:53:37,-24.07,-69.05,115,4.7
2018-11-09 18:54:09,-30.68,-71.75,35,5.2
2018-11-08 11:57:32,-18.62,-70.52,39,4
2018-11-08 08:16:12,-27.87,-71.12,33,4.9
2018-11-08 07:33:44,-29.43,-71.17,52,3.8
2018-11-06 19:08:30,-29.79,-71.48,47,4.1
2018-11-06 18:07:36,-31.38,-72.41,18,4.2
2018-11-06 08:31:01,-19.73,-69.39,89,4.8
2018-11-02 14:06:54,-18.23,-70.03,105,3.9
2018-11-01 22:53:04,-27.22,-71.21,28,4.6
2018-11-01 22:19:52,-19.65,-69.41,101,6.3
2018-11-01 06:31:09,-22.29,-68.75,103,4.9
2018-10-31 07:05:25,-27.65,-70.35,76,3.7
2018-10-30 22:41:01,-25.14,-70.72,46,3.7
2018-10-28 16:22:37,-27.49,-71.1,45,3.8
2018-10-27 15:46:44,-22.44,-68.68,110,4.6
2018-10-26 15:50:11,-35.64,-73.1,33,4.5
2018-10-26 12:03:24,-17.32,-70.07,128,4.8
2018-10-25 11:19:34,-30.64,-71.74,37,4.9
2018-10-22 22:25:41,-20.55,-69.09,100,4.1
2018-10-22 02:02:36,-32.65,-71.33,51,4
2018-10-19 03:20:27,-31.58,-71.45,46,3.5
2018-10-18 23:42:08,-22.62,-68.62,116,4.8
2018-10-18 15:47:53,-17.91,-70.02,107,4.7
2018-10-17 11:46:55,-23.39,-69.81,48,4.4
2018-10-16 23:53:17,-42.09,-72.85,88,4.1
2018-10-15 16:21:00,-27.78,-69.26,49,4.3
2018-10-13 19:47:21,-31.56,-71.5,45,3.6
2018-10-12 01:58:51,-34.73,-71.83,43,4.6
2018-10-04 23:21:57,-22.9,-66.67,275,4.4
2018-10-02 12:11:42,-20.28,-69.3,89,4.1
2018-09-29 14:26:36,-19.0,-69.53,96,4.3
2018-09-28 22:02:56,-30.02,-71.74,32,4.3
2018-09-28 13:49:53,-30.3,-71.34,48,4.2
2018-09-26 19:13:02,-29.64,-70.64,102,4.1
2018-09-23 05:32:11,-24.36,-70.04,66,5.6
2018-09-22 19:30:36,-27.46,-70.87,48,3.9
2018-09-22 13:14:01,-26.07,-70.49,39,5.3
2018-09-19 18:42:22,-19.54,-70.38,56,5.2
2018-09-19 11:28:08,-39.8,-72.99,65,4.4
2018-09-18 23:50:10,-30.85,-71.33,42,4.1
2018-09-17 16:29:18,-22.77,-68.89,100,4.2
2018-09-16 13:32:26,-20.4,-69.93,44,4.2
2018-09-16 12:46:44,-27.37,-70.84,47,3.6
2018-09-16 07:01:13,-18.83,-69.94,80,4
2018-09-14 18:46:51,-32.53,-71.59,29,4.1
2018-09-14 18:15:10,-32.52,-71.59,33,4.5
2018-09-14 11:20:03,-16.25,-71.74,141,5.5
2018-09-14 10:50:39,-19.26,-69.34,105,4.1
2018-09-13 21:18:03,-20.82,-69.44,90,3.8
2018-09-11 15:20:55,-31.43,-71.48,36,3.3
2018-09-10 18:14:05,-20.13,-70.02,54,3.7
2018-09-10 08:24:15,-28.82,-71.52,32,5
2018-09-07 23:12:49,-30.43,-70.0,115,4.9
2018-09-07 02:39:17,-28.91,-70.17,97,6.1
2018-09-05 20:16:41,-34.38,-70.59,127,5
2018-09-04 19:07:20,-29.36,-71.22,32,3.1
2018-09-04 00:20:08,-39.79,-71.76,142,4.7
2018-09-03 08:45:01,-20.64,-69.13,119,4.1
2018-09-02 18:12:11,-28.33,-70.51,79,4.5
2018-09-02 11:04:12,-29.39,-71.2,49,4.6
2018-09-01 20:51:38,-30.39,-71.61,42,4
2018-09-01 05:18:02,-29.08,-71.54,40,3.9
2018-08-31 13:25:00,-32.23,-70.49,106,5.2
2018-08-31 10:26:44,-31.81,-70.65,97,4
2018-08-30 21:43:39,-32.4,-71.23,56,5
2018-08-29 12:24:57,-20.72,-68.95,99,4.1
2018-08-28 12:37:24,-31.51,-71.7,24,3.1
2018-08-28 04:51:40,-29.7,-71.3,47,5.1
2018-08-27 09:16:03,-29.73,-71.48,57,5.1
2018-08-24 19:16:22,-27.55,-70.19,91,3.4
2018-08-24 09:04:07,-11.07,-70.79,624,7.1
2018-08-24 03:39:46,-22.19,-70.41,56,4.1
2018-08-23 09:44:03,-17.27,-69.66,178,4.9
2018-08-23 05:42:27,-21.29,-68.79,108,4.3
2018-08-22 23:15:35,-23.41,-69.55,70,4.2
2018-08-22 07:22:32,-30.71,-71.39,49,4
2018-08-18 19:11:20,-22.56,-66.5,297,4
2018-08-18 01:40:48,-32.27,-71.6,63,4.2
2018-08-14 05:32:35,-19.62,-69.3,97,4.6
2018-08-12 05:13:43,-29.72,-71.3,53,4.2
2018-08-10 11:04:25,-29.37,-71.72,38,4.1
2018-08-10 07:06:05,-35.63,-71.49,87,4
2018-08-07 20:10:36,-38.3,-73.65,54,4.1
2018-08-05 21:35:21,-34.59,-71.7,41,4.1
2018-08-04 01:02:25,-19.64,-69.48,88,5.3
2018-08-03 14:45:41,-37.53,-73.83,26,4.1
2018-08-01 19:55:42,-20.4,-69.04,119,4.4
2018-08-01 06:19:05,-31.37,-72.13,44,4.7
2018-07-30 18:45:35,-34.76,-71.7,46,4.5
2018-07-30 10:21:40,-27.71,-71.49,30,4.8
2018-07-27 19:36:47,-31.43,-71.45,51,3.7
2018-07-21 14:39:04,-22.25,-68.67,117,4.9
2018-07-21 12:49:22,-29.87,-71.61,36,4.4
2018-07-20 11:29:43,-27.61,-70.27,88,4
2018-07-16 18:34:41,-30.92,-71.28,60,4.1
2018-07-16 09:44:54,-32.63,-71.64,29,4.3
2018-07-15 07:22:37,-30.83,-71.39,55,4.1
2018-07-11 07:22:40,-19.92,-69.61,12,4.1
2018-07-08 15:29:38,-33.72,-71.29,55,4
2018-07-07 06:07:26,-22.71,-70.19,54,4.1
2018-07-06 23:47:51,-21.09,-68.91,112,4.2
2018-07-05 17:41:18,-36.47,-73.24,11,4
2018-07-05 07:47:37,-30.63,-71.67,40,4
2018-07-03 22:15:24,-20.84,-69.09,107,4
2018-07-03 04:28:45,-37.55,-73,25,4.4
2018-07-02 16:21:30,-36.8,-73.6,28,4.3
2018-07-02 12:58:30,-28.02,-71.19,35,4
2018-07-02 09:29:51,-23.22,-68.91,110,5.1
2018-07-02 02:45:32,-37.75,-72.74,40,4.3
2018-07-01 15:28:44,-31.24,-71.45,40,4.2
2018-07-01 11:58:03,-28.86,-71.15,44,4.4
2018-06-29 22:17:33,-30.64,-71.25,49,4.4
2018-06-28 22:31:21,-21.16,-69.01,116,4
2018-06-28 21:59:01,-31.16,-71.29,53,4.4
2018-06-26 04:32:11,-30.38,-71.69,38,4.8
2018-06-26 03:51:39,-18.61,-69.82,135,4.5
2018-06-26 02:05:18,-32.16,-71.73,35,4.6
2018-06-24 06:42:37,-31.92,-71.57,74,4.4
2018-06-23 15:27:33,-20.96,-69.01,105,4.1
2018-06-22 04:41:00,-28.79,-70.72,13,4.9
2018-06-22 01:41:56,-19.43,-70.34,53,4.4
2018-06-21 16:08:02,-24.25,-67.47,190,6.1
2018-06-21 06:17:26,-21.3,-69.86,46,4
2018-06-21 03:10:29,-30.38,-71.49,28,4.3
2018-06-20 08:45:24,-30.71,-71.4,49,4.1
2018-06-17 07:32:01,-26.76,-70.9,43,4.1
2018-06-15 14:01:47,-29.59,-71.3,60,4.3
2018-06-15 10:37:33,-20.04,-69.05,90,4.1
2018-06-14 05:25:04,-19.93,-69.42,107,4.4
2018-06-12 22:23:26,-20.78,-69.2,107,4.9
2018-06-07 11:35:35,-20.81,-69.06,115,4.3
2018-06-07 07:22:33,-20.87,-69.11,107,4.1
2018-06-03 20:48:28,-23.51,-69.25,107,4.4
2018-06-03 08:10:12,-21.92,-68.77,98,4.6
2018-06-03 04:58:53,-34.2,-72.23,31,4.3
2018-06-02 06:17:19,-38.27,-73.75,29,5.1
2018-06-01 07:34:13,-34.96,-71.65,49,4.2
2018-05-29 01:16:11,-20.17,-69.04,105,4.9
2018-05-28 20:59:35,-31.24,-68.96,150,5.2
2018-05-27 15:18:02,-31.3,-71.36,47,4.4
2018-05-23 14:11:59,-20.72,-69.18,99,4
2018-05-22 10:40:57,-21.29,-68.73,113,4.7
2018-05-22 07:10:05,-19.43,-69.21,113,4.3
2018-05-22 04:12:45,-41.38,-73.75,50,4.1
2018-05-21 13:44:58,-30.27,-71.62,33,4.2
2018-05-19 06:43:40,-32.2,-71.38,40,4.8
2018-05-11 21:57:42,-32.79,-71.76,29,4.5
2018-05-11 20:52:35,-29.93,-71.63,40,4
2018-05-06 02:44:20,-34.29,-72.26,35,5
2018-05-04 20:25:33,-29.82,-71.38,49,5
2018-05-02 16:09:54,-33.26,-70.11,110,5.1
2018-05-02 09:15:18,-20.14,-69.17,95,4.7
2018-04-26 05:32:48,-30.62,-71.17,56,5.3
2018-04-25 14:24:56,-32.5,-71.56,67,4
2018-04-24 07:58:13,-21.78,-68.48,140,4.6
2018-04-23 06:00:35,-22.37,-68.65,107,5
2018-04-21 07:52:55,-27.25,-69.27,115,4.4
2018-04-19 16:52:18,-32.75,-71.11,58,4.1
2018-04-19 10:21:13,-20.17,-69.4,85,4.1
2018-04-17 13:46:05,-21.46,-68.81,103,5
2018-04-17 05:58:01,-34.06,-70.48,106,4.5
2018-04-16 12:31:33,-29.85,-71.7,27,4.5
2018-04-15 13:16:02,-28.98,-70.2,115,4.5
2018-04-14 05:35:28,-28.36,-70.21,96,4
2018-04-14 04:04:40,-31.77,-71.61,37,4.6
2018-04-10 10:19:33,-31.0,-71.54,74,6.2
2018-04-06 17:58:48,-34.47,-72.54,39,4
2018-04-05 16:38:04,-28.16,-70.65,68,4.3
2018-04-05 11:12:12,-20.29,-70.53,46,5.4
2018-04-05 06:32:43,-42.62,-73.93,36,5
2018-04-02 22:37:12,-31.66,-71.72,43,4.7
2018-04-02 13:36:16,-30.36,-71.38,41,4
2018-03-30 23:07:29,-20.65,-68.9,105,4.1
2018-03-30 07:23:54,-30.68,-71.69,36,4.4
2018-03-27 20:06:07,-21.52,-70.01,78,4
2018-03-26 06:01:49,-24.73,-69.49,88,4.6
2018-03-24 02:51:08,-25.69,-69.06,115,4.7
2018-03-23 12:27:11,-31.3,-71.19,67,4.2
2018-03-22 08:03:36,-21.41,-68.72,119,4.6
2018-03-19 16:36:20,-27.49,-69.92,99,4.4
2018-03-19 12:51:17,-32.39,-69.75,149,5.1
2018-03-19 09:03:59,-32.71,-71.63,32,4
2018-03-18 09:46:59,-21.56,-69.57,18,4
2018-03-18 08:06:15,-28.88,-71.29,40,4
2018-03-17 20:34:22,-18.79,-69.15,122,4.8
2018-03-17 07:30:46,-23.36,-69.19,94,4.4
2018-03-10 16:01:59,-19.96,-70.09,50,4
2018-03-10 05:00:37,-27.19,-70.23,90,4.4
2018-03-09 20:57:56,-31.84,-71.98,30,4.5
2018-03-08 16:41:58,-22.94,-69.13,109,4.8
2018-03-08 10:37:00,-33.51,-70.13,120,4.2
2018-03-07 22:33:01,-30.7,-71.36,52,4.8
2018-03-06 02:59:09,-29.02,-71.5,35,4.4
2018-03-04 16:16:32,-20.45,-68.65,126,5.1
2018-03-04 15:36:23,-30.87,-71.17,58,4.7
2018-03-04 14:06:55,-31.04,-71.36,63,4.3
2018-03-02 11:27:32,-34.38,-70.52,99,4.3
2018-02-26 23:31:45,-28.38,-67.55,139,4.9
2018-02-25 19:58:50,-37.72,-73.03,45,4.5
2018-02-25 00:21:54,-31.59,-71.46,50,4
2018-02-23 18:49:22,-34.52,-72.24,28,4.6
2018-02-23 09:32:36,-33.08,-72.09,32,4
2018-02-22 22:47:38,-20.22,-69.18,94,4
2018-02-21 01:07:10,-18.95,-69.35,107,4.9
2018-02-20 15:37:08,-25.34,-70.5,18,4.2
2018-02-20 10:51:04,-20.02,-70.51,33,4.1
2018-02-20 09:38:59,-25.34,-70.5,35,5.3
2018-02-20 02:49:09,-31.61,-71.9,31,4.4
2018-02-19 23:30:52,-30.29,-71.51,51,4.2
2018-02-19 00:21:09,-31.58,-71.87,32,4.4
2018-02-18 08:28:14,-31.44,-68.84,100,4.2
2018-02-16 11:50:33,-29.37,-69.64,123,4.9
2018-02-08 21:19:24,-37.45,-74.22,32,5.1
2018-02-06 19:47:10,-32.47,-70.31,104,4.4
2018-02-06 11:54:52,-29.39,-71.74,44,4
2018-02-06 04:13:41,-34.79,-71.7,51,4.4
2018-02-04 21:47:26,-17.29,-70.86,34,5
2018-02-02 16:51:22,-30.03,-71.66,26,4
2018-02-01 23:13:54,-31.56,-70.3,133,5.2
2018-02-01 00:12:57,-37.54,-73.96,26,5.1
2018-01-28 23:53:15,-31.27,-69.27,183,5.5
2018-01-28 10:11:29,-28.2,-69.39,127,5.1
2018-01-27 09:06:48,-29.19,-71.13,59,4.2
2018-01-26 15:26:24,-37.58,-73.93,21,4.8
2018-01-26 13:27:06,-37.49,-74.26,22,5.1
2018-01-26 12:54:38,-30.99,-71.32,55,4.1
2018-01-25 16:22:20,-18.32,-69.19,12,4.2
2018-01-25 11:53:44,-18.25,-69.12,11,5.3
2018-01-24 07:46:06,-20.31,-69.11,106,5.3
2018-01-22 08:17:54,-29.62,-71.49,49,4.3
2018-01-21 18:04:17,-35.98,-73.46,19,4.7
2018-01-21 14:42:53,-36.07,-73.29,32,4.2
2018-01-21 09:52:05,-22.54,-68.92,89,4
2018-01-21 01:06:40,-18.88,-69.61,129,6.2
2018-01-20 11:31:14,-28.98,-71.74,49,5.2
2018-01-15 04:58:40,-21.72,-68.57,112,4.5
2018-01-14 09:18:44,-15.77,-74.67,35,7
2018-01-13 14:19:04,-21.46,-68.78,116,4.6
2018-01-10 03:16:44,-18.22,-69.57,130,4.7
2018-01-04 06:01:27,-32.72,-71.66,27,4.4
2017-12-31 17:53:40,-29.27,-71.56,62,4
2017-12-31 10:21:59,-32.02,-71.56,35,4.1
2017-12-30 16:18:29,-21.23,-68.68,119,4.2
2017-12-30 12:54:34,-28.02,-71.34,45,4
2017-12-30 08:20:51,-19.28,-69.36,104,5.1
2017-12-28 03:54:52,-24.91,-70.17,53,5.5
2017-12-26 13:05:26,-32.77,-70.2,112,4.2
2017-12-26 00:05:14,-23.98,-69.35,95,4.6
2017-12-23 04:07:43,-29.86,-71.44,55,4
2017-12-20 06:08:18,-32.49,-71.71,33,4.3
2017-12-19 13:14:36,-26.05,-70.43,55,4.7
2017-12-17 01:19:27,-20.24,-69.15,100,4.5
2017-12-15 14:14:10,-18.01,-70.08,84,4.5
2017-12-14 18:10:34,-19.84,-70.24,23,4.6
2017-12-11 19:00:57,-19.66,-71.15,35,5.3
2017-12-11 00:22:01,-19.16,-70.06,42,4.4
2017-12-10 02:09:30,-36.05,-73.06,51,5
2017-12-08 09:28:45,-40.34,-72.59,81,4
2017-12-06 20:46:31,-32.28,-71.36,45,4.5
2017-12-06 18:22:26,-37.43,-74.35,22,4.3
2017-12-06 12:29:03,-32.13,-71.8,32,4.2
2017-12-06 08:30:37,-37.49,-74.62,35,4.7
2017-12-06 06:33:26,-32.01,-71.52,38,4.3
2017-12-02 09:30:23,-28.41,-70.19,112,4.2
2017-11-29 10:02:54,-33.54,-70.01,116,4.4
2017-11-27 19:19:33,-17.62,-69.46,159,5
2017-11-27 04:21:17,-22.51,-70.54,28,4.2
2017-11-26 22:15:13,-32.23,-71.03,66,5.4
2017-11-26 08:47:39,-32.65,-71.59,32,4
2017-11-25 21:18:26,-20.01,-70.8,44,4
2017-11-23 13:58:44,-21.25,-68.42,124,4.3
2017-11-22 04:00:27,-20.5,-68.92,103,4.3
2017-11-18 16:26:17,-21.97,-68.68,98,4.5
2017-11-18 10:01:28,-20.75,-69.13,108,5
2017-11-17 16:45:47,-19.79,-69.28,105,5.3
2017-11-17 02:16:51,-32.12,-71.83,35,4.3
2017-11-14 03:59:04,-20.2,-69.21,91,4.3
2017-11-09 07:36:58,-30.7,-71.36,39,5
2017-11-09 05:46:07,-28.32,-71.23,54,4.3
2017-11-08 19:34:16,-33.2,-70.45,99,4
2017-11-08 11:50:17,-24.0,-69.29,94,4.3
2017-11-07 12:17:39,-29.46,-71.29,45,4.1
2017-11-07 08:11:17,-22.14,-68.66,129,5.1
2017-11-06 07:52:19,-34.68,-70.79,99,4.4
2017-11-04 19:03:27,-20.0,-69.13,98,4.1
2017-11-02 21:24:10,-30.93,-71.26,54,4.3
2017-11-02 19:00:40,-23.16,-69.93,54,4.4
2017-11-02 12:46:23,-19.67,-69.3,100,4.1
2017-10-29 22:58:58,-31.05,-71.36,68,4.6
2017-10-27 20:38:55,-30.6,-71.65,31,4.2
2017-10-21 16:19:03,-20.76,-69.69,55,4
2017-10-19 09:14:50,-30.63,-71.25,55,4.2
2017-10-17 11:58:30,-22.63,-67.72,169,5.4
2017-10-17 10:40:41,-32.59,-71.04,80,4
2017-10-15 02:54:58,-22.76,-68.94,107,4.9
2017-10-14 23:48:38,-21.07,-68.75,116,4.2
2017-10-13 02:23:30,-20.29,-69.14,91,4
2017-10-12 17:21:09,-19.67,-69.18,99,4.3
2017-10-10 07:21:43,-18.57,-69.77,90,4.9
2017-10-10 07:04:47,-18.62,-69.78,75,4.5
2017-10-10 06:32:20,-18.49,-69.74,100,6.3
2017-10-10 01:56:24,-27.72,-70.21,75,4
2017-10-09 22:55:51,-30.01,-71.24,50,4.7
2017-10-09 06:13:32,-27.84,-70.09,98,4.1
2017-10-09 01:41:55,-21.23,-68.74,118,4.5
2017-10-08 12:36:29,-20.39,-68.89,104,4
2017-10-07 10:37:26,-32.47,-71.76,15,4
2017-10-05 08:11:37,-22.37,-68.54,115,5.8
2017-10-04 08:25:32,-30.72,-71.34,42,4.3
2017-10-03 08:27:13,-33.02,-72.0,31,4.4
2017-10-02 22:07:54,-22.21,-68.73,112,4.6
2017-10-01 10:24:36,-28.4,-70.75,72,4.3
2017-09-29 18:08:56,-29.94,-71.58,38,4.2
2017-09-27 09:01:07,-29.43,-71.27,40,4.1
2017-09-26 14:07:21,-28.38,-71.2,32,4.1
2017-09-26 12:14:48,-37.44,-74.14,32,4.7
2017-09-26 05:44:33,-21.35,-66.95,279,5.2
2017-09-25 13:55:27,-32.68,-71.99,24,4.6
2017-09-25 12:24:50,-28.37,-71.18,32,4.6
2017-09-25 07:27:11,-30.11,-71.43,38,4.7
2017-09-24 07:09:27,-35.18,-71.83,45,4.6
2017-09-24 02:30:00,-27.97,-71.17,37,4.8
2017-09-23 22:02:02,-33.78,-71.5,52,4.9
2017-09-21 07:12:41,-37.93,-73.95,43,4.7
2017-09-20 22:57:40,-19.96,-70.96,32,4.4
2017-09-20 17:51:40,-18.05,-69.93,105,4.7
2017-09-19 18:14:43,-37.22,-74.26,26,4.9
2017-09-18 13:46:57,-31.85,-72.09,33,5.7
2017-09-18 00:21:34,-19.88,-69.07,105,4.1
2017-09-17 21:21:37,-20.24,-69.25,96,4.1
2017-09-17 06:36:00,-35.72,-71.64,88,4.2
2017-09-16 17:12:10,-37.21,-74.32,27,4.8
2017-09-13 14:59:55,-28.02,-69.31,120,4
2017-09-09 12:03:42,-22.46,-66.82,278,5.3
2017-09-07 08:05:54,-20.84,-69.11,112,4
2017-09-06 05:45:35,-30.77,-71.35,44,4.2
2017-09-04 21:55:20,-19.29,-70.08,71,5.2
2017-09-04 10:10:43,-29.22,-71.32,63,4.1
2017-08-30 03:15:37,-37.47,-73.35,29,5
2017-08-24 09:13:25,-28.5,-71.2,35,4.1
2017-08-22 11:56:05,-19.97,-70.11,47,4
2017-08-21 12:02:24,-33.14,-70.34,98,4.7
2017-08-20 15:13:21,-20.31,-69.04,105,4.6
2017-08-20 06:15:47,-25.53,-70.66,51,4.2
2017-08-15 19:03:24,-30.01,-72.09,28,5.2
2017-08-15 02:04:36,-31.66,-71.39,52,4
2017-08-14 06:58:32,-31.5,-71.73,33,4.8
2017-08-12 19:37:48,-20.0,-71.06,30,4.6
2017-08-12 15:59:31,-19.99,-70.99,31,5
2017-08-12 12:54:13,-30.34,-72.15,28,5.5
2017-08-12 09:39:41,-30.38,-71.49,45,4.4
2017-08-12 01:17:39,-22.55,-68.88,91,4.7
2017-08-10 12:43:02,-20.79,-68.93,102,4
2017-08-09 01:46:37,-35.12,-71.86,48,4.8
2017-08-05 10:56:49,-39.56,-72.34,98,4.1
2017-08-02 21:30:26,-28.49,-71.22,49,4.5
2017-08-02 20:03:29,-28.48,-71.21,42,5.4
2017-08-02 07:15:13,-33.2,-70.61,99,5.5
2017-08-01 06:13:55,-28.54,-69.29,139,5.6
2017-07-28 19:53:47,-30.74,-71.77,36,4.7
2017-07-26 11:53:29,-29.54,-69.5,132,4.5
2017-07-26 10:40:21,-31.22,-71.31,59,4
2017-07-26 10:11:02,-23.99,-69.52,77,4.9
2017-07-25 03:18:36,-22.74,-69.15,91,4.4
2017-07-24 04:21:44,-21.91,-68.58,110,4.8
2017-07-22 07:44:26,-33.11,-71.79,26,4.4
2017-07-22 06:29:50,-21.18,-69.15,44,5.4
2017-07-20 07:20:47,-22.01,-70.39,45,4.1
2017-07-19 23:22:28,-23.84,-69.2,95,5.4
2017-07-18 02:05:22,-16.91,-73.59,36,5.6
2017-07-16 21:44:01,-30.27,-71.35,51,4
2017-07-16 08:19:31,-33.9,-71.28,52,4
2017-07-13 15:38:09,-21.38,-68.64,124,4.8
2017-07-13 15:26:33,-28.87,-69.44,115,4.7
2017-07-12 09:08:16,-35.3,-73.38,22,5.1
2017-07-10 08:22:42,-32.69,-71.79,36,4
2017-07-08 20:49:52,-35.2,-70.63,20,4.1
2017-07-07 03:04:49,-33.77,-72.15,30,5.1
2017-07-06 07:26:05,-34.82,-71.77,47,4.5
2017-07-04 16:05:50,-35.57,-73.94,15,5.1
2017-07-04 02:25:26,-19.4,-69.58,92,5
2017-07-02 17:32:10,-19.23,-70.17,49,4.1
2017-07-02 15:52:58,-21.89,-68.64,112,5.5
2017-07-01 17:17:12,-32.95,-72.0,28,4.5
2017-06-29 21:38:06,-37.33,-72.15,127,4.1
2017-06-29 08:16:51,-34.75,-71.77,41,4.8
2017-06-26 14:44:50,-30.66,-71.26,53,5.3
2017-06-25 14:14:06,-22.37,-68.8,101,4.6
2017-06-23 10:00:52,-39.41,-71.82,122,5
2017-06-23 00:43:40,-27.5,-70.53,57,4
2017-06-20 19:59:11,-20.66,-69.83,57,4.2
2017-06-19 14:55:51,-19.13,-69.32,111,4.5
2017-06-18 04:41:01,-32.13,-71.84,34,4.4
2017-06-17 15:36:00,-22.75,-68.85,100,4.6
2017-06-16 09:47:00,-30.95,-70.98,85,4.6
2017-06-15 23:48:09,-21.16,-68.88,111,4
2017-06-12 11:27:06,-33.08,-71.76,30,4.6
2017-06-12 02:43:27,-31.52,-71.67,27,5.8
2017-06-10 12:11:59,-20.85,-69.12,105,4
2017-06-09 04:20:18,-22.57,-68.9,126,4.2
2017-06-08 13:48:52,-22.09,-70.11,67,5
2017-06-06 17:35:10,-22.93,-68.75,98,5.5
2017-06-04 14:36:57,-19.54,-70.09,53,4.5
2017-06-04 00:07:28,-27.84,-71.07,41,4.7
2017-06-03 22:21:44,-21.87,-68.77,120,5.2
2017-05-31 17:38:51,-22.7,-68.53,127,4.9
2017-05-30 15:04:08,-30.65,-71.21,58,4.1
2017-05-29 14:57:55,-37.34,-71.8,87,5.8
2017-05-28 18:47:12,-21.14,-68.57,131,4.9
2017-05-28 12:05:47,-30.72,-71.39,45,4.6
2017-05-23 22:19:00,-30.63,-71.64,30,4.4
2017-05-22 01:10:44,-20.37,-68.97,110,4.3
2017-05-20 14:13:04,-38.98,-73.47,12,4.5
2017-05-17 00:42:20,-22.02,-70.02,51,4.3
2017-05-16 19:47:02,-31.95,-71.55,65,4
2017-05-16 13:56:33,-18.89,-70.12,31,4.2
2017-05-16 04:36:15,-32.0,-71.63,36,4.3
2017-05-14 20:12:40,-36.84,-73.85,18,4.7
2017-05-14 19:44:25,-20.84,-68.73,115,5.9
2017-05-14 11:32:55,-33.13,-71.62,29,4
2017-05-13 19:44:43,-21.76,-70.36,40,4
2017-05-13 16:54:46,-32.93,-72.04,24,5.2
2017-05-10 08:17:44,-27.41,-69.56,113,4.2
2017-05-08 00:14:46,-21.34,-68.89,115,4.4
2017-05-06 16:10:40,-20.01,-69.2,94,4.5
2017-05-05 06:50:56,-28.72,-71.55,36,4.8
2017-05-05 03:41:13,-28.71,-71.49,20,4.7
2017-05-03 07:12:22,-37.74,-73.9,15,4
2017-05-01 19:43:47,-29.31,-70.33,84,4.1
2017-04-30 09:36:03,-19.99,-70.97,36,4.8
2017-04-29 08:54:01,-33.23,-72.11,20,4.1
2017-04-29 08:30:43,-33.25,-72.05,24,4.2
2017-04-29 04:50:35,-33.24,-71.97,26,4
2017-04-29 01:46:01,-33.23,-71.98,26,4.7
2017-04-29 01:37:16,-33.23,-72.07,20,4.3
2017-04-29 01:08:35,-33.37,-71.99,24,4.4
2017-04-28 18:28:23,-33.28,-71.96,24,4.2
2017-04-28 17:57:07,-33.36,-71.94,25,4.3
2017-04-28 17:41:50,-33.3,-71.98,22,5
2017-04-28 17:21:48,-33.23,-72.06,24,4.3
2017-04-28 17:09:40,-33.25,-71.93,24,4.3
2017-04-28 16:27:27,-33.33,-71.93,28,4
2017-04-28 16:18:46,-33.24,-71.9,30,4
2017-04-28 16:05:57,-33.17,-71.66,26,5.8
2017-04-28 15:58:34,-33.26,-72.05,23,5.1
2017-04-28 15:57:01,-33.28,-71.97,28,4.3
2017-04-28 15:49:44,-33.31,-71.91,26,4.7
2017-04-28 15:44:31,-33.24,-72.02,21,4.3
2017-04-28 15:40:24,-33.26,-71.91,29,4.5
2017-04-28 15:33:30,-33.32,-71.96,24,4.7
2017-04-28 15:30:05,-33.26,-72.11,23,5.5
2017-04-27 21:17:34,-33.3,-71.73,21,4.1
2017-04-27 08:46:34,-33.1,-72.06,18,4.1
2017-04-27 08:24:41,-33.28,-71.89,27,4.7
2017-04-27 06:55:45,-33.29,-71.88,29,4.1
2017-04-27 05:09:22,-33.31,-71.9,28,4.8
2017-04-27 04:55:01,-28.64,-70.64,71,4.3
2017-04-27 01:55:06,-33.16,-71.63,23,4
2017-04-26 21:59:00,-20.95,-69.04,103,4.3
2017-04-26 18:12:32,-19.69,-69.3,107,5.3
2017-04-26 15:14:01,-33.3,-71.99,27,4.5
2017-04-26 14:45:55,-33.29,-71.85,26,4.4
2017-04-26 08:09:54,-20.44,-69.12,93,4.5
2017-04-26 00:43:01,-32.96,-71.92,28,4
2017-04-25 23:58:11,-32.95,-71.98,33,4.2
2017-04-25 16:48:36,-33.31,-72.01,18,4.2
2017-04-25 12:13:23,-33.12,-72.21,31,4.7
2017-04-25 09:33:31,-33.1,-72.0,28,4.3
2017-04-25 03:02:23,-33.16,-72.08,27,4.9
2017-04-25 02:33:05,-32.98,-71.92,29,4.1
2017-04-25 01:43:03,-33.16,-72.09,24,5.1
2017-04-25 01:33:15,-33.16,-72.04,25,4.5
2017-04-25 00:17:36,-33.17,-72.04,24,4.6
2017-04-25 00:09:28,-33.18,-71.79,29,4
2017-04-24 23:58:01,-33.31,-71.77,21,4.3
2017-04-24 23:54:45,-33.29,-71.93,28,4.8
2017-04-24 23:28:54,-33.18,-71.82,32,4.3
2017-04-24 22:50:30,-33.11,-72.03,27,4.6
2017-04-24 22:03:42,-33.06,-71.88,30,4.4
2017-04-24 21:58:33,-33.16,-71.92,29,4.5
2017-04-24 21:45:58,-32.42,-72.66,26,5.5
2017-04-24 21:38:28,-33.09,-72.09,25,6.9
2017-04-24 03:50:50,-33.09,-72.14,32,4.5
2017-04-23 19:40:10,-33.05,-72.16,17,5.4
2017-04-23 16:12:54,-32.99,-71.96,27,4.3
2017-04-23 03:02:17,-33.07,-72.02,24,4.7
2017-04-23 03:00:12,-33.06,-71.97,18,4.5
2017-04-23 02:52:38,-33.05,-72.0,25,4.7
2017-04-23 02:42:17,-33.09,-71.89,26,4.7
2017-04-23 02:36:06,-33.02,-72.12,24,6
2017-04-23 01:49:12,-33.03,-72.06,22,4.6
2017-04-22 22:46:44,-33.04,-71.96,28,4.5
2017-04-19 03:39:54,-22.33,-68.82,117,4.2
2017-04-18 12:33:53,-31.86,-71.22,55,4.4
2017-04-18 07:11:56,-19.19,-69.98,63,4.5
2017-04-18 01:48:43,-21.82,-68.41,124,4.8
2017-04-17 21:14:29,-22.38,-69.79,62,4.8
2017-04-17 13:29:35,-19.18,-70.12,58,4.4
2017-04-15 21:26:39,-28.43,-71.31,44,4.3
2017-04-15 08:19:43,-23.24,-68.05,156,6.2
2017-04-15 08:13:37,-19.41,-70.37,70,4.2
2017-04-15 01:50:23,-32.04,-70.99,96,4.2
2017-04-14 18:03:24,-22.49,-68.82,122,5.2
2017-04-14 09:55:55,-19.8,-69.21,99,4.4
2017-04-14 01:36:22,-31.77,-71.62,34,4.2
2017-04-13 03:42:51,-30.97,-71.42,48,5.3
2017-04-11 13:39:43,-27.64,-70.05,82,5.3
2017-04-09 03:05:29,-25.78,-69.56,109,5.2
2017-04-08 15:39:09,-25.85,-70.94,38,4.5
2017-04-04 13:01:50,-20.31,-70.2,40,4.1
2017-04-03 06:56:58,-30.64,-70.98,81,4.4
2017-03-31 19:10:14,-30.77,-71.4,47,4.2
2017-03-31 18:44:39,-30.74,-71.35,40,5
2017-03-30 19:35:45,-20.41,-69.13,109,4.4
2017-03-30 09:06:20,-37.07,-74.21,19,4.7
2017-03-30 07:10:28,-19.17,-69.96,70,4.1
2017-03-27 03:03:32,-36.16,-72.05,71,5.1
2017-03-25 06:59:23,-19.85,-69.0,109,5
2017-03-23 08:33:03,-20.83,-69.02,105,4
2017-03-21 15:01:59,-21.62,-68.48,127,5.1
2017-03-21 05:56:55,-31.12,-71.26,58,4
2017-03-20 00:39:23,-28.8,-70.88,74,4.4
2017-03-18 22:26:47,-20.29,-68.72,117,4.6
2017-03-17 08:02:57,-32.46,-71.67,34,5
2017-03-17 06:10:57,-22.32,-67.76,175,5.1
2017-03-16 04:12:06,-21.52,-68.39,123,4.5
2017-03-14 15:11:17,-33.58,-71.32,52,4.1
2017-03-13 15:05:55,-30.44,-71.33,51,5.3
2017-03-11 07:00:32,-29.2,-69.5,130,4.7
2017-03-10 06:22:21,-30.61,-72.02,24,4.5
2017-03-09 17:34:01,-31.8,-71.54,43,4.1
2017-03-08 14:42:24,-38.16,-73.7,37,4.4
2017-03-06 02:56:22,-40.38,-71.95,149,4.2
2017-03-06 00:26:37,-18.18,-69.87,96,4.3
2017-02-26 08:59:16,-28.95,-71.3,38,4.8
2017-02-25 02:31:25,-19.46,-69.15,114,5.4
2017-02-21 13:01:12,-30.83,-71.61,37,4.4
2017-02-20 13:29:55,-37.55,-73.74,44,4.2
2017-02-20 06:17:35,-37.59,-73.63,43,4
2017-02-19 22:10:21,-37.59,-73.73,32,4
2017-02-19 21:06:15,-37.44,-74.18,24,4.5
2017-02-19 19:07:28,-37.59,-73.66,31,4.8
2017-02-19 15:49:20,-37.47,-74.05,38,4.3
2017-02-19 09:37:24,-37.55,-73.95,40,4.8
2017-02-19 07:10:41,-37.53,-74.05,35,4.4
2017-02-19 07:06:55,-37.52,-74.01,39,4.7
2017-02-19 04:03:32,-37.52,-74.08,36,4.8
2017-02-18 18:58:21,-22.11,-68.74,97,4.3
2017-02-18 12:10:16,-23.91,-67.26,266,6.5
2017-02-17 09:17:54,-23.32,-70.4,54,4.4
2017-02-16 00:19:20,-30.05,-71.3,54,4.6
2017-02-12 16:21:12,-27.95,-71.24,34,5.1
2017-02-06 08:03:09,-20.94,-69.01,95,4.7
2017-02-05 18:58:35,-21.2,-68.72,124,4.6
2017-02-03 00:52:27,-33.15,-69.81,8,5
2017-02-01 11:54:32,-37.34,-73.66,45,4.4
2017-02-01 11:23:26,-37.31,-73.44,60,4.9
2017-02-01 08:49:03,-20.43,-69.14,96,4
2017-02-01 03:07:49,-30.11,-71.27,86,4
2017-01-31 06:20:27,-25.22,-70.36,56,4
2017-01-31 05:50:40,-30.48,-71.55,62,4.2
2017-01-28 13:39:04,-26.66,-70.96,55,4.7
2017-01-28 01:27:29,-19.95,-70.01,54,5
2017-01-27 13:23:31,-22.48,-68.67,110,4.9
2017-01-27 07:26:40,-30.96,-71.4,55,4.8
2017-01-26 23:53:43,-20.32,-68.99,107,4.3
2017-01-26 01:41:26,-25.73,-69.45,87,4.4
2017-01-25 09:11:07,-21.23,-68.66,121,4
2017-01-25 06:47:02,-32,-71.66,36,4.1
2017-01-23 11:21:56,-30.65,-71.26,44,4.2
2017-01-21 17:03:55,-30.64,-71.3,52,4.5
2017-01-19 12:01:50,-30.85,-71.37,47,5
2017-01-15 08:48:26,-22.5,-68.75,115,4.9
2017-01-14 06:59:13,-37.56,-73.61,37,4.3
2017-01-13 13:43:03,-30.71,-71.39,48,4
2017-01-12 19:23:57,-30.4,-71.49,24,4.7
2017-01-12 12:57:06,-33.68,-70.53,97,4.1
2017-01-12 09:00:06,-18.08,-69.23,142,4.9
2017-01-11 22:13:56,-22.8,-69.78,69,4.3
2017-01-11 21:58:18,-22.79,-69.83,73,5.8
2017-01-10 14:59:49,-31.34,-70.94,93,4.9
2017-01-09 00:40:35,-29.69,-71.18,45,4.1
2017-01-07 17:33:04,-19.52,-70.11,32,4
2017-01-06 06:30:33,-22.31,-67.92,177,6.1
2017-01-05 16:24:43,-22.06,-70.28,35,4.1
2017-01-04 13:24:04,-30.3,-71.53,49,5.1
2017-01-03 21:19:08,-43.41,-74.56,38,5.7
2017-01-03 13:41:53,-19.91,-70.45,56,5.1
2017-01-02 10:56:08,-21.24,-70.22,66,4.4
2017-01-01 18:02:53,-32.12,-71.17,88,4.2
2017-01-01 10:20:12,-30.05,-71.68,36,4.3
2017-01-01 07:50:22,-30.02,-71.53,44,4.4
2017-01-01 03:25:38,-29.7,-71.19,47,4.4
2016-12-29 08:50:21,-33.69,-71.52,50,4.2
2016-12-27 14:07:23,-43.5,-74.3,23,4.9
2016-12-27 11:22:19,-20.48,-68.83,111,4.2
2016-12-26 01:03:33,-28.41,-71.35,40,4.2
2016-12-25 14:22:23,-43.52,-74.39,30,7.6
2016-12-25 14:01:34,-19.97,-68.87,116,5.3
2016-12-24 07:40:04,-33.92,-70.62,89,4.1
2016-12-19 15:36:46,-30.8,-71.44,47,4.9
2016-12-18 16:25:11,-31.74,-71.25,54,4.1
2016-12-16 23:11:42,-30.4,-71.65,24,5.2
2016-12-12 06:58:18,-29.76,-71.31,51,4.3
2016-12-12 01:40:25,-30.94,-71.34,52,5.3
2016-12-09 15:09:52,-31.37,-71.43,43,4.1
2016-12-08 20:42:36,-31.55,-71.8,41,5.5
2016-12-03 04:30:58,-32.16,-71.88,47,4.8
2016-12-02 03:49:57,-30.92,-71.38,57,4.5
2016-12-01 05:04:13,-34.12,-71.3,56,4
2016-12-01 00:21:41,-28.74,-70.22,105,4
2016-11-30 17:51:28,-28.74,-70.5,89,4.1
2016-11-30 13:14:11,-21.07,-68.7,112,4.9
2016-11-29 04:34:29,-31.97,-70.94,87,4.5
2016-11-23 17:36:16,-22.15,-68.68,113,4.6
2016-11-23 16:56:24,-22.54,-68.72,115,4.3
2016-11-23 16:43:33,-29.95,-71.38,47,4.5
2016-11-22 17:53:43,-22.19,-68.73,102,4
2016-11-21 12:51:49,-38.16,-74.02,30,4.9
2016-11-21 00:09:49,-37.43,-73.9,42,4.9
2016-11-20 20:57:42,-31.65,-68.66,90,6.6
2016-11-17 19:39:20,-26.32,-70.69,34,4.1
2016-11-17 18:30:43,-28.39,-70.47,82,4.3
2016-11-16 18:33:20,-20.78,-69.17,109,4.2
2016-11-14 22:00:31,-21.15,-69.97,49,4.4
2016-11-14 10:11:30,-30.04,-71.58,44,4.5
2016-11-13 17:43:28,-31.71,-71.35,46,4.1
2016-11-13 14:50:38,-28.88,-71.38,31,4.6
2016-11-13 14:01:04,-29.26,-67.9,140,5.7
2016-11-10 17:14:55,-19.13,-69.42,96,4.6
2016-11-09 12:21:31,-36.58,-73.55,28,4.9
2016-11-09 11:04:10,-36.57,-73.58,20,4.5
2016-11-08 17:09:55,-38.45,-74.17,15,5
2016-11-08 14:13:58,-25.43,-70.03,57,4.9
2016-11-08 07:13:09,-36.65,-73.57,10,4.7
2016-11-08 07:08:01,-36.66,-73.61,27,5.1
2016-11-08 05:44:43,-36.7,-73.59,10,4.9
2016-11-08 05:16:18,-36.7,-73.52,21,4.6
2016-11-08 04:55:43,-36.62,-73.73,15,5.9
2016-11-07 06:53:13,-28.12,-70.71,54,4.1
2016-11-04 16:20:45,-35.06,-71.0,95,6.4
2016-11-03 12:44:03,-19.34,-69.35,110,5
2016-11-03 02:17:06,-31.5,-71.66,42,4
2016-11-02 07:21:32,-22.47,-68.51,134,5
2016-10-31 05:44:33,-22.43,-68.64,105,5.1
2016-10-31 02:15:11,-31.84,-71.58,41,4
2016-10-30 04:49:40,-25.18,-70.39,61,5.4
2016-10-27 00:59:34,-22.2,-68.45,127,4.8
2016-10-26 12:18:03,-27.72,-70.16,88,4.2
2016-10-25 07:18:22,-26.75,-71.07,15,4.9
2016-10-23 06:09:17,-30.83,-71.36,42,4.4
2016-10-21 19:02:31,-30.75,-71.38,47,4.3
2016-10-20 04:38:17,-36.46,-72.58,69,4.3
2016-10-17 00:35:53,-33.71,-71.56,45,4
2016-10-16 08:37:49,-30.64,-71.59,33,4
2016-10-14 18:09:34,-21.89,-68.42,116,4.6
2016-10-14 10:58:10,-37.53,-73.86,50,5
2016-10-12 01:59:22,-30.69,-71.38,41,5
2016-10-11 12:52:06,-28.39,-70.47,80,4.2
2016-10-09 01:02:40,-31.35,-70.66,122,4.3
2016-10-08 04:43:46,-29.43,-71.07,62,4.2
2016-10-07 23:59:29,-31.0,-71.3,65,4.9
2016-10-07 01:27:52,-30.58,-70.91,77,4.1
2016-10-06 00:47:44,-20.25,-69.18,94,4.4
2016-10-05 07:22:39,-30.71,-71.37,48,4.4
2016-10-05 06:17:25,-29.29,-70.31,108,4.6
2016-10-02 01:39:24,-21.29,-68.84,114,4.1
2016-09-27 17:07:28,-23.09,-70.6,30,4.7
2016-09-27 16:50:00,-23.1,-70.61,36,4.6
2016-09-25 01:23:47,-30.36,-71.65,37,4.9
2016-09-24 20:27:20,-21.59,-68.53,114,4.9
2016-09-24 20:07:19,-32.61,-71.57,32,4
2016-09-24 02:56:15,-29.99,-71.36,47,4.3
2016-09-22 09:51:27,-20.21,-69.25,100,4.1
2016-09-21 20:59:26,-30.17,-70.76,88,4.2
2016-09-20 13:24:43,-23.58,-68.19,134,5.1
2016-09-18 16:06:58,-30.66,-71.37,50,4.1
2016-09-17 03:55:57,-37.28,-73.89,42,5.1
2016-09-15 15:37:52,-20.36,-69.54,72,4.4
2016-09-15 15:31:07,-38.09,-73.47,32,4.8
2016-09-11 21:03:52,-23.04,-69.06,78,4.5
2016-09-08 02:34:04,-21.8,-68.62,121,5
2016-09-07 22:54:31,-32.31,-71.58,42,4.5
2016-09-07 20:03:23,-20.05,-69.09,113,5.3
2016-09-07 12:01:12,-24.87,-70.76,18,4.1
2016-09-07 00:06:00,-31.97,-71.55,75,4.1
2016-09-06 07:37:47,-21.32,-67.97,173,5
2016-09-03 01:00:58,-22.13,-69.89,72,4.3
2016-08-31 16:02:06,-29.61,-70.68,94,4.1
2016-08-30 08:09:07,-34.87,-72.58,12,5.1
2016-08-29 01:27:21,-18.4,-69.7,112,4.4
2016-08-28 16:32:04,-27.68,-71.23,35,4.6
2016-08-27 20:14:10,-38.15,-73.39,29,4.9
2016-08-27 19:36:08,-32.81,-71.61,29,4.1
2016-08-26 10:08:36,-25.1,-70.4,60,4.1
2016-08-21 04:56:57,-19.29,-69.65,82,4.5
2016-08-19 12:06:46,-21.05,-70.25,38,4.2
2016-08-19 05:59:24,-20.59,-68.92,110,4.6
2016-08-18 00:11:22,-27.53,-70.72,55,4
2016-08-16 18:42:52,-33.59,-71.96,25,4.3
2016-08-16 02:58:38,-22.47,-68.79,117,5.1
2016-08-15 17:50:16,-28.88,-71.5,44,4.1
2016-08-14 13:28:43,-20.21,-69.27,105,5.1
2016-08-14 10:23:57,-20.65,-69.12,111,4.4
2016-08-13 14:21:44,-32.41,-71.66,36,4.1
2016-08-12 18:49:03,-40.36,-72.96,61,4.1
2016-08-12 17:07:29,-20.57,-69.17,105,4
2016-08-10 17:37:07,-30.75,-71.41,46,4.5
2016-08-10 08:20:17,-32.08,-71.25,86,4.9
2016-08-10 06:43:39,-31.97,-71.54,25,4.5
2016-08-08 16:08:15,-24.12,-68.23,135,5
2016-08-08 12:24:32,-31.64,-71.61,34,4.7
2016-08-04 14:15:11,-22.43,-66.2,293,6
2016-08-03 07:41:38,-21.24,-69.47,74,4.1
2016-07-29 16:52:15,-31.59,-71.45,49,4.7
2016-07-29 07:35:35,-31.74,-71.63,29,4
2016-07-28 00:34:20,-30.41,-71.63,36,4.4
2016-07-26 23:00:24,-32.7,-71.74,25,4.9
2016-07-26 00:02:51,-19.09,-69.93,73,4.4
2016-07-25 17:26:49,-26.11,-70.48,60,6
2016-07-25 14:59:29,-30.8,-71.44,42,4.8
2016-07-25 12:08:35,-33.41,-70.3,101,4.9
2016-07-25 03:49:48,-22.39,-68.61,114,4.4
2016-07-24 23:03:11,-22.68,-68.58,111,4.3
2016-07-19 05:18:38,-30.18,-72.21,35,5.4
2016-07-19 04:33:50,-30.65,-71.59,28,4.4
2016-07-18 13:58:20,-30.74,-71.71,30,4.7
2016-07-18 08:59:44,-30.43,-71.6,23,5.1
2016-07-18 02:58:51,-30.74,-71.7,28,5.2
2016-07-18 01:13:13,-30.85,-71.7,32,4.3
2016-07-16 03:25:39,-21.35,-69.98,39,4.3
2016-07-14 06:48:59,-31.77,-71.44,45,4.2
2016-07-13 14:41:56,-30.64,-71.19,58,4.1
2016-07-12 02:23:27,-42.2,-73.38,40,4.5
2016-07-11 13:27:36,-30.69,-71.27,35,5.1
2016-07-10 20:00:39,-21.14,-68.87,110,4.7
2016-07-07 21:54:05,-30.57,-71.42,49,4.5
2016-07-06 23:56:28,-30.38,-71.38,49,4.3
2016-07-06 22:59:10,-20.43,-69.31,94,4.6
2016-07-05 18:15:23,-41.69,-73.6,39,4.5
2016-07-05 09:53:08,-30.43,-71.6,29,4
2016-07-05 02:29:03,-20.16,-71.01,30,4.9
2016-07-04 23:02:24,-20.71,-69.13,90,5
2016-07-04 00:13:03,-31.45,-71.47,48,4.4
2016-07-03 09:22:17,-21.09,-68.79,114,4
2016-07-01 22:20:08,-30.8,-71.44,52,4.9
2016-06-28 23:07:30,-30.39,-71.62,28,5
2016-06-27 12:51:12,-31.77,-71.38,45,5.1
2016-06-25 00:47:28,-31.54,-71.5,51,4.7
2016-06-24 21:29:17,-25.74,-69.35,124,5.8
2016-06-23 10:47:49,-20.47,-68.89,107,4.3
2016-06-22 03:54:41,-30.62,-71.72,34,5.2
2016-06-21 00:22:00,-23.76,-70.33,50,4.1
2016-06-18 17:29:46,-24.19,-67.5,199,6
2016-06-17 06:38:24,-30.66,-71.63,28,4.9
2016-06-17 03:48:39,-30.17,-71.44,20,4.8
2016-06-17 03:30:54,-23.02,-69.0,93,4.4
2016-06-16 01:14:46,-30.65,-71.22,59,4.9
2016-06-14 22:42:25,-21.13,-68.92,114,4.6
2016-06-14 11:43:24,-30.18,-71.6,40,4.6
2016-06-12 17:07:53,-37.86,-73.65,35,4.5
2016-06-11 13:44:59,-30.36,-71.41,46,4.3
2016-06-07 19:01:45,-25.87,-69.49,84,4.1
2016-06-06 13:21:58,-30.06,-71.53,44,5.6
2016-06-06 13:16:01,-30.12,-71.48,37,5.8
2016-06-06 06:53:10,-32.01,-71.54,40,4.4
2016-06-05 15:05:35,-19.48,-69.25,107,5.3
2016-06-05 09:30:53,-29.37,-71.65,53,4.2
2016-06-05 05:51:10,-29.32,-71.82,40,5.6
2016-06-04 22:19:04,-31.59,-71.49,48,4.1
2016-06-03 13:46:53,-18.97,-70.12,52,4.1
2016-06-02 23:08:48,-21.11,-68.91,113,4.1
2016-06-01 07:53:07,-22.68,-68.66,96,4.5
2016-05-30 05:59:01,-32.23,-71.59,41,4.3
2016-05-28 03:29:59,-37.52,-74.03,36,4.2
2016-05-27 23:24:25,-19.67,-69.08,110,4.5
2016-05-26 20:36:50,-29.96,-71.88,17,4.8
2016-05-26 13:25:32,-38.42,-73.34,39,4.4
2016-05-22 11:47:10,-30.63,-71.64,32,5.1
2016-05-19 18:28:34,-30.68,-71.34,31,4.4
2016-05-18 21:04:12,-30.68,-71.63,31,4.3
2016-05-17 18:41:52,-38.25,-74.09,33,5
2016-05-15 09:42:13,-29.19,-69.67,124,4.5
2016-05-12 18:03:50,-30.62,-71.75,34,4.6
2016-05-11 17:59:39,-27.95,-71.13,29,4.6
2016-05-11 13:11:32,-30.66,-71.89,37,5.6
2016-05-10 21:55:37,-37.95,-74.38,28,4.8
2016-05-10 00:16:07,-32.34,-71.67,57,4.3
2016-05-09 11:18:20,-32.58,-71.85,24,4
2016-05-08 19:06:01,-24.71,-69.47,88,5
2016-05-08 10:33:12,-32.77,-71.53,39,4.6
2016-05-07 07:22:22,-33.93,-71.48,52,4.2
2016-05-06 08:51:32,-30.4,-71.24,59,4.3
2016-04-30 02:49:08,-29.82,-71.98,33,4.8
2016-04-26 19:58:16,-21.07,-68.57,126,4.7
2016-04-25 22:20:48,-30.96,-71.79,35,4.7
2016-04-25 14:01:47,-32.14,-71.82,28,4.7
2016-04-18 11:38:38,-31.77,-71.31,51,5.5
2016-04-18 07:01:14,-32.43,-71.43,41,4.1
2016-04-18 04:25:59,-29.54,-70.99,50,4.5
2016-04-17 19:24:43,-31.62,-71.85,46,4.4
2016-04-17 14:59:45,-30.75,-71.35,47,4.9
2016-04-16 06:05:23,-26.49,-70.04,73,5.3
2016-04-15 04:27:56,-32.18,-71.84,32,4.6
2016-04-14 17:44:57,-32.17,-71.83,39,4.5
2016-04-14 09:38:44,-33.86,-70.44,118,5.3
2016-04-13 20:01:59,-21.0,-66.87,271,5.3
2016-04-10 18:10:56,-31.5,-71.73,37,4.6
2016-04-09 17:30:03,-30.66,-71.76,33,4.2
2016-04-09 05:49:16,-30.34,-71.49,18,4.2
2016-04-07 07:03:07,-20.42,-68.83,108,4.7
2016-04-06 17:35:38,-31.51,-71.67,36,5.2
2016-04-04 23:12:17,-30.8,-71.32,41,4.6
2016-04-04 12:32:44,-31.25,-71.84,36,5.2
2016-04-03 06:02:04,-28.98,-70.16,108,4.7
2016-04-02 15:13:31,-29.85,-71.27,45,4.1
2016-04-01 03:13:20,-20.32,-69.93,52,4.6
2016-04-01 02:40:18,-30.63,-71.7,42,4.6
2016-03-31 07:53:28,-22.62,-68.75,125,5
2016-03-27 04:00:20,-32.27,-70.32,107,4.6
2016-03-27 00:27:55,-30.43,-71.64,25,4.5
2016-03-26 08:56:30,-30.73,-71.45,51,4.5
2016-03-25 22:36:02,-35.18,-71.14,96,4.6
2016-03-25 08:03:20,-30.69,-71.43,51,4.8
2016-03-24 22:14:37,-30.42,-71.67,34,4.2
2016-03-23 13:14:07,-30.39,-71.64,30,4.5
2016-03-23 00:37:59,-31.77,-71.43,49,4.9
2016-03-20 23:23:10,-31.4,-71.64,29,4.7
2016-03-20 22:30:21,-31.72,-71.26,55,4.2
2016-03-20 20:01:54,-30.65,-71.33,44,4.4
2016-03-19 18:50:29,-33.17,-71.82,31,4
2016-03-19 12:24:06,-30.64,-71.59,30,4.5
2016-03-16 03:49:31,-31.27,-71.88,30,5.6
2016-03-14 15:28:24,-20.9,-68.91,105,4.5
2016-03-14 10:26:20,-32.35,-71.61,40,4.5
2016-03-14 04:23:20,-26.14,-70.64,39,4.4
2016-03-12 20:48:37,-21.07,-70.1,74,4
2016-03-12 16:05:15,-30.31,-71.54,45,5.2
2016-03-11 07:02:16,-23.08,-68.9,102,5
2016-03-11 03:45:29,-25.84,-70.27,66,4.2
2016-03-10 23:47:50,-24.77,-70.64,36,4
2016-03-10 08:34:13,-18.83,-69.54,90,5
2016-03-09 13:28:11,-30.44,-71.31,55,5.1
2016-03-09 09:40:45,-30.72,-71.4,42,4.4
2016-03-09 06:27:29,-34.79,-71.84,41,4.3
2016-03-08 01:27:48,-31.77,-71.36,45,4.3
2016-03-07 06:01:21,-27.02,-70.83,58,4.3
2016-03-05 17:31:51,-20.73,-69.69,35,4.4
2016-03-04 20:48:35,-21.31,-69.72,65,4.1
2016-03-04 18:58:33,-20.66,-71.02,20,4.5
2016-03-04 12:28:16,-19.01,-70.48,49,4.3
2016-03-04 07:58:19,-20.89,-70.44,61,4.2
2016-03-03 20:21:08,-20.3,-68.95,101,4.5
2016-03-03 18:51:01,-19.14,-69.27,112,4.7
2016-03-03 13:47:15,-30.16,-71.44,32,4.3
2016-03-02 09:49:55,-18.65,-70.61,48,5.1
2016-02-29 01:35:03,-30.41,-71.6,46,4
2016-02-25 15:35:07,-23.05,-69.05,95,5.3
2016-02-25 11:27:53,-30.77,-71.38,45,4.7
2016-02-24 21:59:31,-30.07,-71.05,70,4.3
2016-02-24 19:10:01,-29.8,-71.48,38,4.7
2016-02-24 17:02:04,-29.96,-71.66,39,4.7
2016-02-24 03:51:29,-31.77,-69.82,141,4.8
2016-02-24 02:32:58,-31.09,-71.36,45,4.4
2016-02-23 10:29:15,-33.21,-71.39,56,4
2016-02-22 06:37:01,-30.49,-72.23,31,6
2016-02-20 18:23:01,-32.5,-70.01,129,4.9
2016-02-20 07:03:32,-18.96,-70.18,72,4.2
2016-02-19 05:33:08,-30.59,-71.69,36,5.4
2016-02-18 09:18:42,-20.31,-69.17,100,4.5
2016-02-17 10:54:10,-31.22,-71.57,42,4.7
2016-02-16 22:48:01,-19.03,-69.47,94,4.2
2016-02-16 16:50:51,-30.27,-71.27,59,4.2
2016-02-14 00:21:25,-19.14,-69.44,105,4.4
2016-02-12 22:32:05,-19.94,-70.31,53,5
2016-02-12 21:43:15,-31.72,-71.31,55,4.3
2016-02-10 11:10:59,-37.0,-73.61,16,4.6
2016-02-10 07:25:39,-30.62,-71.59,34,4.3
2016-02-10 03:15:02,-36.85,-74.14,30,4.4
2016-02-10 00:59:55,-30.64,-71.68,37,4.6
2016-02-10 00:52:57,-30.66,-71.55,30,4.8
2016-02-10 00:47:09,-30.65,-71.5,30,4.7
2016-02-10 00:33:04,-30.63,-71.65,37,6.4
2016-02-09 21:54:59,-36.83,-73.77,26,4.3
2016-02-08 12:13:19,-32.11,-71.87,36,4.3
2016-02-05 05:28:07,-31.1,-71.81,30,5.1
2016-02-04 17:55:00,-31.07,-71.78,32,5.2
2016-02-03 09:07:14,-21.27,-69.62,44,4.2
2016-02-01 21:27:29,-20.16,-70.49,36,4.3
2016-01-30 09:27:15,-30.17,-71.62,42,4.2
2016-01-29 20:07:16,-30.36,-71.54,44,5.2
2016-01-28 20:36:04,-29.73,-71.63,49,4.2
2016-01-27 14:35:33,-19.19,-69.37,105,4
2016-01-27 13:16:35,-30.66,-71.69,33,4.8
2016-01-26 01:35:13,-30.72,-71.45,48,4.4
2016-01-26 00:19:11,-32.65,-71.85,30,5.1
2016-01-21 13:36:09,-30.39,-71.52,44,4.6
2016-01-21 06:07:02,-30.51,-71.22,57,4.4
2016-01-19 21:45:26,-30.46,-71.7,34,4.2
2016-01-19 11:39:40,-22.97,-69.01,96,5.1
2016-01-19 07:08:48,-32.11,-71.22,83,4.1
2016-01-17 17:05:39,-26.44,-70.87,55,4.2
2016-01-17 15:28:40,-21.34,-68.89,91,5
2016-01-16 11:30:18,-41.73,-73.99,45,4
2016-01-16 00:37:25,-36.71,-72.56,67,4
2016-01-14 00:29:40,-28.65,-70.08,110,4.2
2016-01-13 12:20:40,-19.28,-70.13,53,4.8
2016-01-12 19:01:53,-30.7,-71.61,43,4.9
2016-01-10 13:33:35,-31.32,-71.73,42,5
2016-01-10 04:36:38,-36.4,-72.73,39,4.9
2016-01-09 09:03:38,-19.83,-69.12,104,4.6
2016-01-08 18:41:02,-32.94,-70.68,93,4.7
2016-01-08 12:12:36,-41.71,-74.12,42,4.5
2016-01-08 01:11:59,-30.67,-71.66,32,6
2016-01-07 15:40:43,-41.72,-74.15,41,5.3
2016-01-07 02:09:43,-30.63,-71.62,36,4.9
2016-01-06 12:41:08,-21.61,-70.34,37,4.5
2016-01-05 17:45:55,-20.01,-69.15,101,4.1
2015-12-30 21:29:22,-30.7,-71.62,28,4.3
2015-12-28 14:36:47,-29.33,-71.88,35,4.4
2015-12-28 07:25:36,-31.63,-70.64,117,4.2
2015-12-27 23:47:09,-31.78,-71.66,48,4.8
2015-12-27 21:59:13,-20.71,-69.26,103,4.1
2015-12-27 16:13:49,-30.63,-71.16,59,4.1
2015-12-27 12:34:28,-20.69,-68.8,105,4.5
2015-12-26 17:59:39,-31.75,-71.93,41,4.8
2015-12-26 17:58:09,-31.76,-72.1,32,4.9
2015-12-25 15:11:50,-30.59,-71.29,60,4.5
2015-12-24 10:42:18,-35.45,-72.99,36,4.7
2015-12-23 23:53:34,-20.54,-69.22,112,4.4
2015-12-23 15:45:00,-20.35,-68.94,106,4.5
2015-12-23 09:15:37,-31.06,-71.34,57,4.5
2015-12-22 18:46:39,-30.8,-71.25,62,4.6
2015-12-21 17:04:51,-31.54,-71.41,48,4.2
2015-12-20 22:51:37,-30.59,-71.25,62,4
2015-12-19 19:25:05,-30.64,-71.31,50,6
2015-12-18 02:34:36,-30.62,-71.67,39,4.2
2015-12-17 22:56:16,-30.63,-71.66,41,4.3
2015-12-17 06:55:57,-30.38,-71.68,25,4.5
2015-12-17 04:18:59,-30.75,-71.39,53,4.4
2015-12-16 00:35:59,-27.28,-70.0,104,4.1
2015-12-15 04:51:03,-29.35,-71.99,23,4.7
2015-12-15 04:22:58,-30.7,-71.72,35,4.1
2015-12-13 12:08:29,-30.63,-71.61,32,4.1
2015-12-12 15:08:58,-35.08,-71.92,51,4.9
2015-12-12 03:48:13,-25.54,-70.48,58,4.3
2015-12-11 22:07:38,-19.75,-69.24,98,4.4
2015-12-10 07:50:03,-20.66,-69.19,105,4.2
2015-12-10 00:37:37,-30.98,-71.33,59,4.3
2015-12-10 00:17:06,-35.83,-73.74,20,4
2015-12-10 00:09:24,-35.91,-73.56,14,5.3
2015-12-08 12:56:07,-30.84,-71.71,40,5.6
2015-12-07 07:51:13,-31.13,-71.26,47,5.5
2015-12-05 10:29:18,-22.54,-70.32,39,4.7
2015-12-04 08:44:37,-30.8,-71.46,53,4.5
2015-12-03 21:09:46,-20.78,-69.25,104,4
2015-12-03 14:55:39,-22.52,-68.81,87,4.2
2015-12-03 08:32:45,-29.84,-71.54,48,5.1
2015-12-02 15:13:49,-19.67,-69.27,101,4.4
2015-12-01 14:29:22,-30.65,-71.54,44,4
2015-12-01 13:39:56,-16.58,-71.3,128,5.3
2015-12-01 12:08:33,-30.29,-71.51,51,5.1
2015-12-01 07:26:13,-31.59,-71.36,41,4.7
2015-12-01 03:04:04,-30.41,-71.63,18,4.6
2015-11-30 14:45:24,-24.31,-67.46,208,5.5
2015-11-29 00:47:50,-30.34,-71.54,17,4.2
2015-11-28 06:08:34,-30.66,-71.76,37,4.5
2015-11-28 05:44:37,-30.34,-72.34,32,5.4
2015-11-27 21:45:13,-24.74,-70.55,39,5
2015-11-27 21:00:21,-24.78,-70.55,37,6.3
2015-11-25 04:04:11,-19.96,-69.19,105,4
2015-11-24 23:42:08,-31.75,-71.69,41,4.1
2015-11-22 22:16:54,-23.63,-69.05,97,5.1
2015-11-22 15:23:57,-30.26,-71.58,40,4.3
2015-11-22 12:49:00,-30.68,-71.65,67,4.4
2015-11-22 05:57:39,-30.41,-71.71,38,4.8
2015-11-21 23:05:28,-30.61,-71.8,35,6
2015-11-21 22:16:58,-30.64,-71.67,38,4.3
2015-11-21 22:12:36,-30.63,-71.66,36,4.5
2015-11-21 19:37:57,-31.59,-71.72,45,4.3
2015-11-21 16:11:34,-34.95,-71.63,47,4.2
2015-11-21 00:12:34,-32.97,-70.29,106,4.5
2015-11-19 05:02:20,-30.25,-71.78,5,4.2
2015-11-18 06:13:17,-19.34,-69.39,108,4.6
2015-11-17 13:16:27,-30.68,-71.36,54,4.5
2015-11-16 09:57:07,-30.59,-71.27,47,4
2015-11-16 04:55:36,-18.79,-69.94,85,4.5
2015-11-16 01:57:10,-31.6,-71.42,27,4
2015-11-15 21:48:01,-22.56,-68.91,102,4.1
2015-11-15 05:18:30,-30.71,-71.38,50,4
2015-11-14 12:58:19,-30.74,-71.41,44,4.3
2015-11-11 07:59:32,-31.77,-71.52,35,4.4
2015-11-11 02:46:16,-29.55,-72.26,12,6.9
2015-11-11 02:23:41,-29.46,-71.76,15,5.1
2015-11-11 01:54:36,-29.46,-72.12,33,6.9
2015-11-10 23:48:26,-29.5,-71.97,53,5
2015-11-10 19:38:22,-30.82,-71.42,50,4.3
2015-11-10 17:48:22,-22.25,-68.81,126,5.4
2015-11-10 12:58:37,-30.8,-71.46,57,5
2015-11-09 04:46:27,-23.48,-69.03,116,5.4
2015-11-08 08:13:37,-17.47,-69.79,194,5.5
2015-11-07 23:56:21,-30.71,-71.39,47,4.5
2015-11-07 15:16:56,-30.83,-71.4,49,4
2015-11-07 11:51:29,-30.7,-71.63,28,4.3
2015-11-07 10:53:42,-30.72,-71.37,48,6
2015-11-07 10:38:24,-30.78,-71.4,55,4.3
2015-11-07 10:31:19,-30.77,-71.36,47,4.9
2015-11-07 09:16:59,-30.82,-71.38,50,4.4
2015-11-07 07:31:41,-30.87,-71.43,48,6.8
2015-11-07 07:04:31,-29.47,-72.35,15,6
2015-11-06 11:44:49,-19.99,-68.95,106,4.6
2015-11-06 08:44:09,-30.16,-72.13,42,5.1
2015-11-05 17:02:39,-30.71,-71.76,33,4.8
2015-11-05 01:28:45,-30.68,-71.39,41,4.3
2015-11-03 21:30:17,-30.8,-71.41,50,4
2015-11-03 01:43:30,-30.64,-71.72,36,4.9
2015-11-01 15:16:16,-23.23,-68.53,115,5.9
2015-11-01 01:28:39,-38.82,-73.42,50,5.1
2015-10-30 03:05:10,-19.3,-69.62,97,4
2015-10-29 14:08:57,-30.62,-71.64,43,4.3
2015-10-29 10:28:21,-28.78,-70.19,91,4
2015-10-28 19:45:04,-23.25,-69.29,75,4.7
2015-10-28 09:08:00,-23.15,-70.61,31,4.5
2015-10-28 04:54:55,-30.85,-71.38,52,4.2
2015-10-28 04:12:07,-30.32,-71.51,40,4.7
2015-10-27 18:32:29,-32.77,-71.75,38,4.1
2015-10-25 13:13:45,-29.72,-71.2,44,4.7
2015-10-25 05:46:23,-20.39,-68.97,111,4.6
2015-10-25 04:02:41,-41.93,-73.55,53,4.5
2015-10-24 21:24:44,-31.44,-71.43,51,5
2015-10-24 19:06:06,-30.52,-71.65,37,4.2
2015-10-24 14:52:23,-30.04,-71.31,52,4
2015-10-23 01:52:56,-32.51,-71.72,33,4.2
2015-10-22 20:22:28,-30.39,-71.69,25,4.5
2015-10-22 00:02:55,-30.32,-71.66,35,4.5
2015-10-21 18:45:46,-30.83,-71.38,50,5
2015-10-21 14:39:18,-20.37,-69.3,100,4.8
2015-10-20 23:55:48,-30.82,-71.4,50,4.3
2015-10-20 21:45:25,-30.4,-71.6,17,4.5
2015-10-20 10:06:13,-30.74,-71.44,50,5.2
2015-10-20 04:06:54,-30.76,-71.46,50,5
2015-10-20 04:01:27,-29.98,-71.02,85,4
2015-10-19 17:57:02,-30.71,-71.43,50,4.5
2015-10-19 14:37:51,-33.47,-70.85,76,4.5
2015-10-19 02:41:00,-34.8,-71.67,52,4.4
2015-10-18 18:48:51,-19.46,-69.31,108,4.2
2015-10-18 12:48:43,-35.97,-72.67,50,5
2015-10-17 07:01:31,-20.58,-70.63,17,4.5
2015-10-16 16:58:28,-30.57,-71.62,37,4.4
2015-10-16 12:49:09,-31.46,-71.72,37,4.3
2015-10-16 06:50:34,-30.62,-71.53,41,4.1
2015-10-16 04:43:58,-20.07,-68.89,115,4.8
2015-10-15 22:18:44,-30.67,-71.74,37,4.3
2015-10-15 20:39:02,-30.57,-71.63,33,4.5
2015-10-15 19:23:22,-30.57,-71.61,36,5.1
2015-10-15 18:01:31,-22.74,-68.97,118,4.5
2015-10-15 11:03:10,-30.86,-71.73,46,4.6
2015-10-14 12:56:09,-22.57,-68.71,109,4
2015-10-14 08:35:37,-31.26,-71.46,50,4.2
2015-10-13 19:33:01,-31.17,-71.44,48,4.3
2015-10-12 16:46:42,-30.67,-71.71,35,5
2015-10-12 16:01:02,-30.76,-71.37,54,4.5
2015-10-12 14:59:21,-30.57,-71.71,36,4.7
2015-10-12 10:27:59,-30.43,-71.68,31,4.2
2015-10-12 03:31:32,-31.19,-71.79,31,5
2015-10-12 03:15:18,-31.18,-71.79,39,5.4
2015-10-12 01:46:46,-30.7,-71.43,46,4.3
2015-10-11 21:23:44,-30.69,-71.41,48,4.3
2015-10-11 16:54:58,-30.7,-71.71,40,4.8
2015-10-11 02:33:32,-30.71,-71.44,48,4.8
2015-10-10 14:26:04,-31.77,-71.65,40,4.1
2015-10-10 13:16:34,-30.52,-71.56,25,4.2
2015-10-09 18:27:34,-31.76,-71.71,36,5.5
2015-10-09 08:20:39,-31.01,-71.31,59,4.1
2015-10-09 06:52:33,-31.52,-71.49,45,4
2015-10-09 06:08:55,-30.82,-71.42,48,4.7
2015-10-09 04:09:38,-16.33,-70,233,5.5
2015-10-08 08:46:14,-30.71,-71.45,48,4.1
2015-10-07 19:35:16,-30.83,-71.42,52,4.2
2015-10-07 08:00:40,-30.3,-71.23,24,5.2
2015-10-07 03:02:08,-30.78,-71.39,48,4.4
2015-10-06 22:48:33,-30.85,-71.46,46,5
2015-10-06 10:47:33,-31.52,-71.45,15,5.1
2015-10-06 06:07:32,-25.21,-70.19,43,4.4
2015-10-05 21:58:16,-32.08,-71.8,23,4.2
2015-10-05 16:33:27,-30.35,-71.47,29,6.1
2015-10-05 02:02:50,-31.8,-71.63,47,4.4
2015-10-04 18:21:53,-30.34,-71.46,31,4.3
2015-10-04 16:57:21,-30.54,-72.18,33,4.8
2015-10-04 10:11:56,-30.66,-71.63,30,5.2
2015-10-04 03:49:49,-30.37,-72.2,22,5.2
2015-10-03 19:43:20,-29.45,-71.13,55,4.3
2015-10-03 18:59:37,-30.78,-71.41,49,4.3
2015-10-03 13:48:11,-29.99,-71.53,26,4.7
2015-10-03 11:21:02,-29.86,-71.64,41,5.3
2015-10-03 08:26:55,-30.34,-71.45,56,4.2
2015-10-03 06:26:56,-30.37,-71.37,34,6
2015-10-03 06:03:43,-37.56,-73.74,20,6.1
2015-10-03 04:26:27,-32.83,-72.03,25,4.1
2015-10-02 22:23:00,-30.74,-71.35,53,4
2015-10-02 20:02:40,-31.08,-71.33,58,4
2015-10-02 16:22:47,-30.58,-71.6,32,4.9
2015-10-02 16:11:50,-30.78,-71.45,48,4.1
2015-10-02 15:04:17,-30.53,-71.36,49,4.5
2015-10-02 08:28:08,-36.49,-71.73,110,4.9
2015-10-01 16:47:55,-32.86,-72.03,29,4.4
2015-10-01 14:00:52,-29.74,-71.31,52,4.3
2015-10-01 13:55:27,-32.63,-71.57,22,4
2015-10-01 09:28:58,-31.76,-71.35,48,4
2015-10-01 02:06:22,-30.72,-71.43,48,4.8
2015-09-30 22:59:45,-30.75,-71.41,48,4.6
2015-09-30 18:21:17,-30.64,-71.72,36,4.7
2015-09-30 02:00:03,-30.66,-71.72,37,4.9
2015-09-29 18:59:25,-31.79,-71.38,29,4.2
2015-09-29 13:42:44,-33.03,-72.25,22,4.4
2015-09-28 16:59:48,-31.61,-71.44,48,4.2
2015-09-28 16:44:13,-30.98,-71.32,48,4.1
2015-09-28 15:28:04,-23.88,-67.12,250,6
2015-09-28 13:01:53,-31.18,-71.44,54,4.3
2015-09-28 04:16:09,-31.41,-71.36,50,4.1
2015-09-27 22:53:06,-30.91,-71.44,43,4.4
2015-09-27 22:39:58,-31.27,-71.81,27,4.8
2015-09-27 21:04:45,-31.67,-71.7,37,5.3
2015-09-27 08:28:36,-30.73,-71.47,43,4.6
2015-09-26 11:15:29,-31.83,-71.95,37,4.6
2015-09-26 09:37:52,-31.36,-71.41,46,4.3
2015-09-26 08:44:58,-30.82,-71.41,50,4.1
2015-09-26 08:19:37,-30.76,-71.39,50,4.1
2015-09-26 04:53:59,-30.72,-71.39,50,4.4
2015-09-26 03:24:36,-30.79,-71.39,40,4.1
2015-09-26 03:03:22,-30.77,-71.41,38,4.4
2015-09-26 02:51:18,-30.79,-71.42,40,6.3
2015-09-25 11:47:08,-31.56,-71.81,31,4.7
2015-09-25 11:33:28,-31.64,-71.56,36,4
2015-09-25 03:21:57,-20.91,-69.22,91,5.3
2015-09-24 18:20:30,-30.88,-71.45,51,4
2015-09-24 16:34:06,-30.71,-71.43,48,4.4
2015-09-24 16:13:25,-30.7,-71.4,50,5.4
2015-09-24 13:35:54,-31.69,-71.55,25,4.8
2015-09-24 07:14:44,-20.21,-69.15,100,4.8
2015-09-23 14:05:57,-31.44,-71.44,50,4.4
2015-09-23 11:32:42,-31.64,-71.89,41,5.1
2015-09-23 10:05:53,-31.57,-71.69,39,4
2015-09-23 04:21:27,-31.35,-72.01,28,5
2015-09-23 00:23:46,-31.63,-71.27,44,4.1
2015-09-22 22:26:40,-31.02,-71.57,44,5
2015-09-22 13:40:31,-33.32,-71.32,51,4.2
2015-09-22 13:17:22,-32.24,-71.77,25,4.5
2015-09-22 08:54:26,-31.57,-71.91,30,4.4
2015-09-22 08:37:34,-30.42,-71.6,24,4.6
2015-09-22 07:12:59,-31.45,-71.13,63,6.2
2015-09-21 22:25:30,-31.71,-71.68,35,4.1
2015-09-21 21:17:09,-33.07,-72.07,20,4.1
2015-09-21 19:56:09,-31.77,-71.6,36,6
2015-09-21 19:08:05,-31.6,-71.57,36,4.5
2015-09-21 18:47:06,-31.76,-71.57,37,4.6
2015-09-21 18:36:53,-31.09,-71.77,31,5.8
2015-09-21 17:39:58,-31.76,-71.55,13,6.7
2015-09-21 16:48:07,-30.83,-71.46,49,4.3
2015-09-21 15:37:07,-31.11,-71.79,30,6
2015-09-21 11:05:27,-30.97,-71.47,32,4
2015-09-21 10:13:09,-30.73,-71.34,30,4.5
2015-09-21 07:18:37,-30.66,-71.41,39,4.5
2015-09-21 05:39:34,-31.76,-71.74,41,6.2
2015-09-21 05:07:35,-33.06,-72.09,22,4.1
2015-09-21 03:17:12,-32.21,-71.83,34,4.2
2015-09-21 01:42:14,-30.77,-71.83,33,4
2015-09-21 00:05:33,-30.76,-71.46,40,4.4
2015-09-20 17:18:26,-30.66,-71.74,37,4.8
2015-09-20 14:31:08,-30.59,-71.74,38,5.2
2015-09-20 06:55:49,-30.6,-71.61,32,4.8
2015-09-20 03:02:01,-30.79,-71.32,48,5.5
2015-09-20 00:10:26,-30.84,-71.6,34,4.4
2015-09-19 22:59:41,-30.73,-71.3,28,4.8
2015-09-19 19:09:04,-32.36,-71.78,37,4.6
2015-09-19 18:13:16,-31.31,-71.71,42,4.8
2015-09-19 13:09:00,-30.62,-71.91,29,5.7
2015-09-19 13:01:07,-32.44,-71.83,32,4.7
2015-09-19 12:52:20,-32.33,-71.91,27,6.3
2015-09-19 10:46:04,-34.0,-71.2,71,4.5
2015-09-19 09:07:07,-31.13,-71.58,34,6
2015-09-19 06:27:13,-28.85,-71.31,45,4.9
2015-09-19 05:55:24,-31.79,-71.5,37,4.6
2015-09-19 05:13:34,-31.82,-71.62,50,4.2
2015-09-19 05:06:45,-29.65,-72.28,30,6.3
2015-09-19 04:44:12,-30.82,-71.39,51,4.6
2015-09-19 02:49:40,-31.54,-71.77,32,5.4
2015-09-19 01:22:55,-30.79,-71.44,44,4
2015-09-19 00:42:44,-31.64,-71.66,39,4.3
2015-09-18 19:54:47,-30.11,-71.55,16,4.7
2015-09-18 19:21:56,-30.85,-71.35,48,4
2015-09-18 14:08:08,-30.87,-71.27,45,4.5
2015-09-18 11:05:55,-31.59,-71.46,38,4.1
2015-09-18 09:10:40,-32.06,-72.1,33,6
2015-09-18 07:44:09,-31.38,-71.56,41,4.5
